verb,agency,power
abandon,agency_pos,power_agent
abolish,agency_pos,power_agent
absorb,agency_pos,power_agent
abuse,agency_pos,power_agent
accelerate,agency_pos,power_agent
accept,agency_neg,power_agent
access,agency_equal,power_agent
accommodate,agency_pos,power_equal
accompany,agency_equal,power_theme
accomplish,agency_pos,power_equal
accord,agency_pos,power_agent
account,agency_equal,power_agent
accumulate,agency_equal,power_agent
accuse,agency_pos,power_agent
ache,agency_neg,
achieve,agency_pos,power_theme
acknowledge,agency_neg,power_agent
acquaint,agency_pos,power_agent
acquire,agency_pos,power_agent
acquit,agency_pos,power_agent
activate,agency_pos,power_agent
act,agency_pos,
adapt,agency_pos,power_agent
address,agency_neg,power_equal
add,agency_pos,power_agent
adjoin,agency_pos,power_agent
adjust,agency_pos,power_agent
administer,agency_pos,power_agent
admire,agency_equal,power_theme
admit,agency_pos,power_theme
adopt,agency_pos,power_agent
adore,agency_equal,power_theme
adorn,agency_pos,power_theme
advance,agency_pos,power_agent
advertise,agency_equal,power_agent
advise,agency_pos,power_agent
advocate,agency_pos,power_equal
affect,agency_pos,power_agent
affirm,agency_pos,power_agent
affix,agency_pos,power_agent
afford,agency_equal,power_agent
age,agency_neg,
aggravate,agency_pos,power_theme
agonize,agency_neg,
agonizes over,agency_equal,power_theme
agree,agency_equal,
agrees on,agency_pos,power_equal
aid,agency_pos,power_agent
aim,agency_pos,power_equal
alarm,agency_pos,power_agent
alert,agency_pos,power_agent
allege,agency_pos,power_agent
allow,agency_pos,power_agent
alter,agency_pos,power_agent
amble,agency_pos,
amend,agency_pos,power_agent
amuse,agency_pos,power_theme
analyze,agency_neg,power_equal
anchor,agency_pos,power_agent
anger,agency_equal,power_equal
angle,agency_equal,
animate,agency_equal,power_equal
announce,agency_pos,power_theme
annoy,agency_pos,power_agent
answer,agency_equal,power_theme
anticipate,agency_pos,power_equal
apologize,agency_pos,power_theme
apologizes to,agency_pos,power_theme
appal,agency_equal,power_agent
appeal,agency_neg,power_theme
appeals to,agency_pos,power_theme
appear,agency_pos,
applaud,agency_pos,power_theme
apply,agency_pos,power_agent
applies to,agency_neg,power_equal
appoint,agency_pos,power_agent
appraise,agency_pos,power_agent
appreciate,agency_neg,power_equal
approach,agency_pos,power_equal
approve,agency_pos,power_agent
arch,agency_pos,power_agent
arc,agency_pos,power_agent
argue,agency_pos,power_equal
arise,agency_pos,
arm,agency_pos,power_agent
arouse,agency_pos,power_agent
arrange,agency_pos,power_agent
arrest,agency_pos,power_agent
arrive,agency_equal,
ascend,agency_pos,power_theme
ask,agency_pos,power_theme
assail,agency_pos,power_agent
assault,agency_pos,power_agent
assemble,agency_pos,power_equal
assert,agency_pos,power_agent
assess,agency_pos,power_equal
assign,agency_pos,power_agent
assist,agency_pos,power_theme
associate,agency_pos,power_equal
assume,agency_neg,power_agent
assure,agency_pos,power_agent
astonish,agency_pos,power_agent
attach,agency_pos,power_agent
attaches to,agency_pos,power_agent
attack,agency_pos,power_agent
attempt,agency_pos,power_equal
attend,agency_equal,power_theme
attract,agency_equal,power_equal
attribute,agency_neg,power_agent
authorize,agency_pos,power_agent
avert,agency_pos,power_agent
avoid,agency_pos,power_agent
await,agency_neg,power_theme
awaken,agency_pos,power_agent
awake,agency_pos,
award,agency_pos,power_agent
babble,agency_pos,power_equal
backhand,agency_pos,power_agent
back,agency_pos,power_equal
baffle,agency_pos,power_agent
bag,agency_pos,power_agent
bail,agency_pos,power_agent
bake,agency_pos,power_agent
balance,agency_pos,power_equal
bald,agency_neg,
ball,agency_pos,power_agent
bandage,agency_pos,power_agent
bang,agency_pos,power_agent
bank,agency_pos,
ban,agency_pos,power_agent
bark,agency_equal,power_equal
barrel,agency_pos,power_agent
bar,agency_pos,power_agent
base,agency_pos,power_equal
bash,agency_pos,power_agent
bath,agency_pos,power_agent
bat,agency_pos,power_agent
batter,agency_pos,power_agent
battle,agency_pos,power_agent
bawl,agency_equal,
beam,agency_pos,
bear,agency_pos,power_equal
beat,agency_pos,power_agent
beckon,agency_pos,power_agent
become,agency_pos,power_theme
beep,agency_pos,power_equal
begin,agency_pos,power_equal
beg,agency_pos,power_theme
behave,agency_equal,
behold,agency_equal,power_theme
belch,agency_pos,
believe,agency_neg,power_theme
bellow,agency_pos,power_agent
belongs to,agency_neg,power_theme
belt,agency_pos,power_agent
bend,agency_pos,power_agent
benefit,agency_neg,power_theme
besiege,agency_pos,power_agent
betray,agency_pos,power_agent
bet,agency_pos,power_equal
better,agency_pos,power_agent
bewilder,agency_equal,power_agent
bid,agency_equal,power_agent
billow,agency_pos,
bind,agency_pos,power_agent
bite,agency_pos,power_agent
blacken,agency_pos,power_agent
blackmail,agency_pos,power_agent
blame,agency_pos,power_agent
blanch,agency_pos,
blare,agency_equal,power_equal
blast,agency_pos,power_agent
blaze,agency_equal,
bleach,agency_pos,power_agent
bleed,agency_neg,
blend,agency_pos,power_agent
bless,agency_pos,power_equal
blind,agency_pos,power_agent
blink,agency_equal,
block,agency_pos,power_agent
bloody,agency_pos,power_agent
blot,agency_pos,power_agent
blow,agency_pos,nan
blur,agency_pos,power_agent
blurt,agency_pos,power_equal
blush,agency_neg,
board,agency_pos,power_agent
boast,agency_pos,power_agent
bob,agency_equal,
boil,agency_pos,power_agent
bolt,agency_pos,
bomb,agency_pos,power_agent
bone,agency_pos,power_agent
book,agency_pos,power_equal
boom,agency_pos,
boost,agency_pos,power_agent
boot,agency_pos,power_agent
border,agency_neg,power_equal
bore,agency_equal,power_equal
borrow,agency_pos,power_agent
bother,agency_pos,power_equal
bounce,agency_pos,
bound,agency_pos,power_agent
bowl,agency_pos,
bow,agency_pos,
bows to,agency_neg,power_theme
box,agency_pos,power_agent
brace,agency_pos,power_agent
brake,agency_pos,
brandish,agency_pos,power_equal
break,agency_pos,power_agent
breathe,agency_neg,
breed,agency_pos,power_agent
brief,agency_equal,power_theme
brighten,agency_pos,power_agent
brim,agency_pos,
bring,agency_pos,power_agent
bristle,agency_equal,
broadcast,agency_pos,power_agent
broaden,agency_pos,power_equal
brood,agency_neg,
browse,agency_pos,power_theme
bruise,agency_pos,power_agent
brush,agency_pos,power_theme
bubble,agency_pos,
buckles up,agency_pos,power_agent
buck,agency_pos,power_agent
budge,agency_pos,
buffet,agency_pos,power_agent
bug,agency_pos,power_equal
build,agency_pos,power_agent
bulge,agency_neg,
bump,agency_pos,power_agent
bundle,agency_pos,power_equal
bury,agency_pos,power_agent
burn,agency_pos,power_agent
burrow,agency_pos,
burst,agency_pos,power_agent
bustle,agency_pos,
bust,agency_pos,power_agent
button,agency_equal,power_agent
buy,agency_pos,power_agent
buzz,agency_pos,
cage,agency_pos,power_agent
cake,agency_pos,
calculate,agency_pos,power_equal
call,agency_pos,power_theme
calm,agency_pos,power_equal
camp,agency_pos,
cancel,agency_pos,power_agent
cap,agency_pos,power_agent
capture,agency_pos,power_agent
careen,agency_pos,
care,agency_pos,power_equal
caress,agency_pos,power_equal
carry,agency_pos,power_agent
carve,agency_pos,power_agent
cascade,agency_pos,
cash,agency_pos,power_agent
cast,agency_pos,power_agent
catch,agency_pos,power_agent
cause,agency_pos,power_agent
caution,agency_equal,power_agent
cave,agency_neg,
cease,agency_neg,power_agent
celebrate,agency_pos,power_theme
center,agency_pos,power_agent
centers on,agency_pos,power_equal
chain,agency_pos,power_agent
chalk,agency_pos,power_agent
challenge,agency_pos,power_agent
change,agency_pos,power_agent
chant,agency_pos,power_theme
characterize,agency_equal,power_agent
charge,agency_pos,power_agent
charm,agency_pos,power_agent
char,agency_pos,power_agent
chase,agency_pos,power_theme
chat,agency_pos,
chatter,agency_pos,
cheat,agency_pos,power_agent
check,agency_pos,power_theme
cheer,agency_pos,power_theme
chew,agency_pos,power_agent
chill,agency_equal,power_agent
chime,agency_neg,
chip,agency_pos,power_agent
chirp,agency_equal,
choke,agency_pos,power_agent
chokes on,agency_neg,power_theme
choose,agency_pos,power_agent
chop,agency_pos,power_agent
chuckle,agency_pos,
chuck,agency_pos,power_agent
chug,agency_pos,power_agent
churn,agency_pos,power_equal
circle,agency_pos,power_agent
circulate,agency_pos,power_agent
cite,agency_pos,power_theme
claim,agency_pos,power_agent
clamber,agency_pos,
clamp,agency_pos,power_agent
clap,agency_pos,power_equal
clarify,agency_pos,power_equal
clasp,agency_pos,power_agent
classify,agency_pos,power_agent
clatter,agency_pos,
claw,agency_pos,power_agent
clean,agency_pos,power_agent
cleanse,agency_pos,power_agent
clear,agency_pos,power_agent
clench,agency_pos,power_agent
click,agency_pos,power_agent
climb,agency_pos,power_equal
clings to,agency_pos,power_theme
clink,agency_equal,
clip,agency_pos,power_agent
cloak,agency_equal,power_agent
clock,agency_neg,power_agent
clog,agency_pos,power_agent
close,agency_pos,power_agent
clothe,agency_pos,power_agent
cloud,agency_pos,power_agent
cluster,agency_pos,power_agent
clutch,agency_pos,power_equal
clutter,agency_pos,power_agent
coat,agency_pos,power_agent
coax,agency_pos,power_equal
coil,agency_pos,power_agent
collapse,agency_pos,power_agent
collect,agency_pos,power_theme
collide,agency_pos,
collides with,agency_pos,power_agent
color,agency_pos,power_equal
combine,agency_pos,power_agent
comb,agency_pos,power_agent
come,agency_pos,nan
comfort,agency_pos,power_agent
command,agency_pos,power_agent
commemorate,agency_pos,power_theme
commence,agency_pos,power_agent
comment,agency_pos,power_equal
commission,agency_pos,power_agent
commit,agency_pos,power_agent
communicate,agency_equal,power_agent
compare,agency_equal,power_equal
compel,agency_pos,power_agent
compensate,agency_pos,power_theme
compete,agency_pos,
compile,agency_pos,power_theme
complain,agency_pos,
complete,agency_pos,power_equal
complicate,agency_pos,power_equal
comply,agency_pos,
compose,agency_pos,power_agent
comprehend,agency_pos,power_theme
compromise,agency_pos,power_equal
conceal,agency_pos,power_equal
concede,agency_pos,power_theme
conceive,agency_pos,power_agent
concentrate,agency_equal,power_theme
concentrates on,agency_pos,power_theme
concern,agency_equal,power_equal
conclude,agency_pos,power_agent
condemn,agency_pos,power_agent
conduct,agency_pos,power_agent
confer,agency_pos,power_equal
confess,agency_pos,power_equal
confine,agency_pos,power_agent
confirm,agency_pos,power_equal
confiscate,agency_pos,power_agent
confront,agency_pos,power_equal
confuse,agency_pos,power_agent
congratulate,agency_equal,power_theme
connect,agency_pos,power_agent
conquer,agency_pos,power_agent
consider,agency_neg,power_equal
consists of,agency_neg,power_theme
console,agency_pos,power_equal
constitute,agency_neg,power_theme
construct,agency_pos,power_agent
consult,agency_pos,power_theme
consume,agency_pos,power_agent
contact,agency_pos,power_equal
contain,agency_pos,power_agent
contaminate,agency_equal,power_agent
contemplate,agency_neg,power_equal
contest,agency_pos,power_agent
continue,agency_pos,power_equal
contort,agency_pos,power_agent
contract,agency_pos,power_theme
contradict,agency_pos,power_agent
contrast,agency_pos,power_equal
contribute,agency_pos,power_theme
control,agency_pos,power_agent
convene,agency_pos,power_agent
converge,agency_equal,
converse,agency_pos,
convert,agency_pos,power_agent
convey,agency_pos,power_agent
convict,agency_pos,power_agent
convince,agency_pos,power_agent
convulse,agency_pos,power_agent
cook,agency_pos,power_equal
cool,agency_neg,power_equal
cooperate,agency_equal,
coordinate,agency_pos,power_agent
copy,agency_pos,power_theme
cop,agency_pos,power_agent
corner,agency_pos,power_agent
correct,agency_pos,power_agent
correspond,agency_neg,
corresponds with,agency_equal,power_equal
cost,agency_pos,power_agent
cough,agency_equal,
counter,agency_pos,power_agent
count,agency_pos,power_theme
course,agency_equal,
court,agency_equal,power_equal
cover,agency_pos,power_agent
cower,agency_neg,
crackle,agency_pos,power_agent
crack,agency_pos,power_agent
cradle,agency_pos,power_agent
cram,agency_pos,power_theme
crane,agency_pos,power_equal
crank,agency_pos,power_agent
crash,agency_pos,power_agent
crawl,agency_pos,
creak,agency_equal,
create,agency_pos,power_agent
credit,agency_pos,power_theme
creep,agency_equal,
crest,agency_equal,
cry,agency_equal,nan
cringe,agency_neg,
criticize,agency_pos,power_agent
crop,agency_pos,power_agent
cross,agency_pos,power_agent
crosses out,agency_pos,power_agent
crouch,agency_neg,
crowd,agency_pos,power_agent
crow,agency_pos,
crucify,agency_pos,power_agent
cruise,agency_pos,
crumble,agency_neg,
crumple,agency_pos,
crunch,agency_pos,power_agent
crush,agency_pos,power_agent
cuddle,agency_equal,
cuff,agency_pos,power_agent
cultivate,agency_pos,power_agent
cup,agency_pos,power_agent
cure,agency_pos,power_agent
curl,agency_pos,power_agent
curse,agency_equal,power_agent
curtain,agency_pos,power_equal
curve,agency_neg,
cut,agency_pos,power_agent
dab,agency_pos,power_equal
damage,agency_pos,power_agent
dance,agency_pos,
dangle,agency_pos,power_agent
dare,agency_pos,power_agent
darken,agency_equal,power_equal
dart,agency_pos,
dash,agency_pos,
date,agency_pos,power_equal
dawn,agency_neg,
dazzle,agency_pos,power_agent
deafen,agency_pos,power_agent
deal,agency_pos,power_equal
debate,agency_pos,power_equal
decapitate,agency_pos,power_agent
decay,agency_neg,
decide,agency_pos,power_agent
deck,agency_pos,power_equal
declare,agency_pos,power_equal
decline,agency_pos,power_agent
decorate,agency_pos,power_equal
decrease,agency_pos,power_agent
dedicate,agency_pos,power_equal
deem,agency_pos,power_agent
deepen,agency_pos,power_equal
defeat,agency_pos,power_agent
defend,agency_pos,power_agent
defer,agency_equal,power_theme
defers to,agency_neg,power_theme
defy,agency_pos,power_agent
define,agency_pos,power_equal
deflate,agency_pos,power_agent
deflect,agency_pos,power_agent
delay,agency_pos,power_agent
delight,agency_pos,power_theme
deliver,agency_pos,power_agent
demand,agency_pos,power_agent
demolish,agency_pos,power_agent
demonstrate,agency_pos,power_agent
deny,agency_pos,power_agent
denounce,agency_pos,power_agent
dent,agency_pos,power_agent
depart,agency_pos,power_theme
depend,agency_neg,nan
depends on,agency_neg,power_theme
depict,agency_pos,power_agent
deploy,agency_pos,power_agent
depose,agency_pos,power_agent
deposit,agency_pos,power_agent
depress,agency_equal,power_agent
deprive,agency_pos,power_agent
derive,agency_pos,power_equal
descend,agency_pos,
describe,agency_pos,power_equal
desert,agency_pos,power_agent
deserve,agency_neg,power_equal
designate,agency_pos,power_agent
design,agency_pos,power_agent
desire,agency_neg,power_theme
despise,agency_pos,power_equal
destroy,agency_pos,power_agent
detach,agency_pos,power_agent
detain,agency_pos,power_agent
detect,agency_pos,power_theme
determine,agency_pos,power_agent
deter,agency_pos,power_agent
detonate,agency_pos,power_agent
devastate,agency_pos,power_agent
develop,agency_pos,power_agent
devise,agency_pos,power_agent
devote,agency_pos,power_equal
devour,agency_pos,
diagnose,agency_pos,power_agent
dial,agency_pos,power_agent
dictate,agency_pos,power_agent
die,agency_neg,power_equal
digest,agency_pos,power_agent
dig,agency_pos,power_agent
diminish,agency_pos,power_agent
dim,agency_pos,power_agent
dip,agency_pos,power_agent
direct,agency_pos,power_agent
disagree,agency_pos,
disappear,agency_pos,
disappoint,agency_pos,power_theme
disapproves of,agency_equal,power_agent
disarm,agency_pos,power_agent
disbelieve,agency_pos,power_agent
discard,agency_pos,power_agent
discharge,agency_pos,power_agent
disclose,agency_pos,power_equal
disconnect,agency_pos,power_agent
discourage,agency_pos,power_agent
discover,agency_pos,power_agent
discuss,agency_pos,power_equal
disengage,agency_pos,power_agent
disguise,agency_pos,power_agent
disgust,agency_neg,power_equal
dishevel,agency_pos,power_agent
disintegrate,agency_pos,power_agent
dislodge,agency_pos,power_agent
dismantle,agency_pos,power_agent
dismiss,agency_pos,power_agent
dismount,agency_pos,
disorient,agency_pos,power_agent
dispatch,agency_pos,power_agent
dispense,agency_pos,power_agent
disperse,agency_pos,power_agent
displace,agency_pos,power_agent
display,agency_equal,power_agent
dispose,agency_pos,power_agent
dispute,agency_pos,power_agent
disrupt,agency_pos,power_agent
dissipate,agency_pos,power_agent
dissolve,agency_pos,power_agent
distinguish,agency_pos,power_agent
distort,agency_pos,power_agent
distract,agency_pos,power_agent
distribute,agency_pos,power_agent
disturb,agency_pos,power_equal
ditch,agency_pos,power_agent
divert,agency_pos,power_agent
dive,agency_pos,
divide,agency_pos,power_agent
divorce,agency_pos,power_agent
dock,agency_pos,power_agent
document,agency_pos,power_equal
dodge,agency_pos,power_agent
do,agency_pos,power_agent
dog,agency_equal,power_agent
dominate,agency_pos,power_agent
donate,agency_pos,power_theme
don,agency_pos,power_agent
doom,agency_pos,power_agent
dot,agency_pos,power_agent
double,agency_pos,power_agent
doubt,agency_neg,power_agent
douse,agency_pos,power_agent
down,agency_pos,power_agent
doze,agency_neg,
draft,agency_pos,power_agent
drag,agency_pos,power_agent
drain,agency_pos,power_agent
drape,agency_pos,power_agent
draw,agency_pos,power_agent
dread,agency_neg,power_theme
dream,agency_neg,power_theme
drench,agency_pos,power_agent
dress,agency_pos,power_agent
dribble,agency_pos,power_agent
dry,agency_pos,power_agent
drift,agency_equal,
drill,agency_pos,power_agent
drink,agency_pos,power_agent
drip,agency_pos,power_equal
drive,agency_pos,power_agent
drool,agency_neg,
droop,agency_neg,
drop,agency_pos,power_agent
drown,agency_pos,power_agent
drug,agency_pos,power_agent
drum,agency_pos,
duck,agency_pos,power_theme
dump,agency_pos,power_agent
dust,agency_pos,power_agent
dwarf,agency_neg,power_agent
dwell,agency_equal,power_theme
earn,agency_pos,power_equal
ease,agency_pos,power_equal
eat,agency_pos,power_agent
echo,agency_equal,
edge,agency_pos,power_agent
edit,agency_pos,power_agent
educate,agency_pos,power_agent
eject,agency_pos,power_agent
elaborate,agency_pos,power_theme
elbow,agency_pos,power_agent
elect,agency_pos,power_agent
elevate,agency_pos,power_equal
eliminate,agency_pos,power_agent
emanate,agency_pos,power_agent
embarrass,agency_pos,power_equal
embed,agency_pos,power_equal
emblazon,agency_pos,power_agent
embrace,agency_pos,power_agent
embroider,agency_pos,power_agent
emerge,agency_pos,
emit,agency_pos,power_theme
emphasize,agency_pos,power_agent
employ,agency_pos,power_agent
empty,agency_pos,power_agent
enable,agency_pos,power_agent
enact,agency_pos,power_equal
encase,agency_pos,power_agent
encircle,agency_pos,power_agent
enclose,agency_equal,power_agent
encounter,agency_neg,power_equal
encourage,agency_pos,power_agent
endanger,agency_equal,power_equal
endorse,agency_pos,power_equal
end,agency_pos,power_agent
endure,agency_neg,power_theme
enforce,agency_pos,power_theme
engage,agency_pos,power_agent
engrave,agency_pos,power_agent
engross,agency_pos,power_agent
engulf,agency_pos,power_agent
enhance,agency_pos,power_agent
enjoy,agency_neg,power_theme
enlist,agency_pos,power_agent
enrage,agency_pos,power_agent
enrich,agency_pos,power_agent
ensure,agency_pos,power_agent
enter,agency_pos,power_agent
entertain,agency_pos,power_theme
entitle,agency_equal,power_agent
envelop,agency_pos,power_agent
envy,agency_equal,power_theme
envision,agency_equal,power_agent
equip,agency_pos,power_agent
erase,agency_pos,power_agent
erect,agency_pos,power_agent
erode,agency_pos,power_agent
erupt,agency_pos,
escalate,agency_pos,power_agent
escape,agency_pos,power_equal
escort,agency_pos,power_agent
establish,agency_pos,power_agent
estimate,agency_neg,power_equal
etch,agency_pos,power_agent
evacuate,agency_pos,power_agent
evade,agency_pos,power_theme
evaluate,agency_pos,power_agent
evolve,agency_pos,
exaggerate,agency_pos,power_equal
examine,agency_equal,power_agent
exasperate,agency_pos,power_agent
exceed,agency_pos,power_agent
exchange,agency_pos,power_agent
excite,agency_pos,power_equal
exclude,agency_pos,power_agent
excuse,agency_equal,power_agent
execute,agency_pos,power_agent
exercise,agency_pos,power_agent
exert,agency_pos,power_agent
exhale,agency_pos,power_agent
exhaust,agency_pos,power_agent
exist,agency_neg,
exit,agency_pos,power_equal
expand,agency_pos,power_agent
expect,agency_neg,power_agent
expel,agency_pos,power_agent
experience,agency_neg,power_theme
explain,agency_pos,power_theme
explode,agency_pos,
exploit,agency_pos,power_agent
explore,agency_pos,power_agent
expose,agency_pos,power_agent
express,agency_equal,power_agent
extend,agency_pos,power_agent
extinguish,agency_pos,power_agent
extract,agency_pos,power_agent
eyeball,agency_pos,power_theme
eye,agency_equal,power_agent
face,agency_neg,power_equal
fade,agency_neg,
fail,agency_neg,power_agent
faint,agency_neg,
fake,agency_pos,power_equal
fakes out,agency_pos,power_agent
fall,agency_pos,
falter,agency_neg,
fancy,agency_neg,power_theme
fan,agency_pos,power_theme
fart,agency_neg,
fascinate,agency_neg,power_agent
fashion,agency_pos,power_agent
fasten,agency_pos,power_agent
fast,agency_pos,
favor,agency_pos,power_equal
fear,agency_neg,power_theme
feature,agency_neg,power_agent
feed,agency_pos,power_agent
feel,agency_equal,power_equal
fee,agency_equal,power_agent
feign,agency_pos,power_equal
fence,agency_pos,power_agent
fends off,agency_pos,power_equal
fetch,agency_pos,power_agent
fiddle,agency_equal,
fidget,agency_equal,
fight,agency_pos,power_equal
figure,agency_pos,power_equal
file,agency_pos,power_equal
fill,agency_pos,power_theme
film,agency_pos,power_equal
filter,agency_pos,power_agent
finance,agency_pos,power_agent
find,agency_equal,power_equal
finger,agency_pos,power_agent
finish,agency_pos,power_equal
fire,agency_pos,power_agent
fires at,agency_pos,power_agent
fishes for,agency_pos,power_theme
fishtail,agency_equal,power_agent
fit,agency_pos,power_agent
fixates on,agency_neg,power_theme
fix,agency_pos,power_agent
flag,agency_pos,power_agent
flail,agency_equal,
flame,agency_pos,
flank,agency_pos,power_equal
flap,agency_neg,
flare,agency_pos,
flash,agency_equal,
flatten,agency_pos,power_agent
flee,agency_pos,
flex,agency_pos,power_agent
flicker,agency_equal,
flick,agency_pos,power_agent
fly,agency_pos,
flinch,agency_neg,
fling,agency_pos,power_agent
flip,agency_pos,
flirt,agency_pos,
float,agency_neg,
flood,agency_pos,power_agent
floor,agency_pos,power_equal
flop,agency_pos,
flow,agency_neg,
flush,agency_pos,power_agent
flutter,agency_pos,
focus,agency_pos,
focuses on,agency_equal,power_theme
fold,agency_pos,power_agent
follow,agency_neg,power_theme
fondle,agency_pos,power_agent
fool,agency_pos,power_agent
forbid,agency_pos,power_agent
force,agency_pos,power_agent
forge,agency_pos,power_agent
forget,agency_neg,power_agent
forgive,agency_pos,power_agent
form,agency_pos,power_agent
foster,agency_equal,power_agent
found,agency_pos,power_agent
frame,agency_pos,power_equal
freaks out,agency_equal,
free,agency_pos,power_agent
freeze,agency_pos,power_agent
fry,agency_pos,power_agent
frighten,agency_pos,power_agent
frisk,agency_pos,power_agent
front,agency_pos,power_agent
frown,agency_pos,
frustrate,agency_pos,power_equal
fuel,agency_equal,power_agent
fulfill,agency_pos,power_equal
fulfil,agency_pos,power_theme
fumble,agency_equal,
fume,agency_pos,
function,agency_pos,
furnish,agency_pos,power_agent
furrow,agency_equal,power_agent
fusses over,agency_pos,power_theme
gag,agency_pos,power_agent
gags on,agency_neg,power_agent
gain,agency_pos,power_agent
gallop,agency_pos,
gamble,agency_pos,
gap,agency_pos,power_agent
gasp,agency_equal,
gather,agency_pos,power_agent
gauge,agency_pos,power_equal
gawk,agency_equal,
gaze,agency_equal,
generate,agency_pos,power_agent
gesture,agency_equal,power_agent
get,agency_pos,power_agent
giggle,agency_pos,
give,agency_pos,power_theme
glance,agency_neg,
glare,agency_pos,
glaze,agency_pos,power_agent
gleam,agency_neg,
glide,agency_equal,
glimpse,agency_neg,power_agent
glint,agency_equal,
glisten,agency_neg,
glitter,agency_neg,
glower,agency_equal,
glow,agency_neg,
glue,agency_pos,power_agent
gnaw,agency_pos,power_agent
go,nan,power_equal
gouge,agency_pos,power_agent
govern,agency_pos,power_agent
grab,agency_pos,power_agent
graduate,agency_pos,
grant,agency_pos,power_agent
grapples with,agency_pos,power_equal
grasp,agency_equal,power_agent
graze,agency_pos,power_agent
greet,agency_equal,power_theme
grieve,agency_neg,power_theme
grill,agency_pos,power_agent
grimace,agency_neg,
grind,agency_pos,power_agent
grin,agency_pos,
grip,agency_pos,power_agent
grit,agency_pos,power_agent
groan,agency_pos,
groom,agency_pos,power_agent
grope,agency_pos,power_agent
ground,agency_pos,power_agent
group,agency_pos,power_agent
growl,agency_pos,
grow,agency_pos,nan
grumble,agency_pos,
grunt,agency_pos,
guarantee,agency_pos,power_agent
guard,agency_pos,power_theme
guess,agency_neg,power_equal
guide,agency_pos,power_agent
gulp,agency_pos,power_agent
gush,agency_equal,
gyrate,agency_pos,
hack,agency_pos,power_agent
hail,agency_pos,power_theme
halt,agency_pos,power_agent
hammer,agency_pos,power_agent
hamper,agency_pos,power_agent
handcuff,agency_pos,power_agent
handle,agency_pos,power_agent
hand,agency_pos,power_agent
hang,agency_pos,power_agent
happen,agency_neg,nan
harass,agency_pos,power_agent
harden,agency_pos,power_equal
harm,agency_pos,power_agent
hat,agency_neg,power_theme
haul,agency_pos,power_equal
haunt,agency_neg,power_agent
have,agency_neg,power_agent
head,agency_pos,
heal,agency_pos,power_agent
heap,agency_pos,power_agent
hear,agency_neg,power_theme
heat,agency_pos,power_agent
heave,agency_pos,power_agent
heft,agency_pos,power_agent
heighten,agency_pos,power_agent
help,agency_pos,power_equal
herd,agency_pos,power_agent
hesitate,agency_neg,
hide,agency_pos,power_agent
highlight,agency_pos,power_equal
hike,agency_equal,power_equal
hire,agency_pos,power_agent
hiss,agency_pos,
hitch,agency_pos,power_agent
hit,agency_pos,power_agent
hobble,agency_pos,
hoist,agency_pos,power_equal
hold,agency_pos,power_agent
holler,agency_pos,power_agent
honk,agency_pos,
honor,agency_pos,power_theme
hook,agency_pos,power_agent
hop,agency_pos,
horrify,agency_equal,power_agent
house,agency_pos,power_agent
hover,agency_pos,
howl,agency_pos,
huddle,agency_pos,
huff,agency_pos,
hug,agency_pos,power_agent
humiliate,agency_pos,power_agent
hum,agency_pos,power_agent
hunch,agency_neg,
hunt,agency_pos,power_agent
hurl,agency_pos,power_agent
hurry,agency_pos,power_agent
hurtle,agency_pos,power_agent
hurt,agency_pos,power_agent
hush,agency_pos,power_agent
hustle,agency_pos,power_agent
hyperventilate,agency_equal,power_agent
hypnotize,agency_pos,power_agent
ice,agency_pos,power_agent
identify,agency_pos,power_agent
idle,agency_neg,
ignite,agency_pos,power_agent
ignore,agency_pos,power_agent
illuminate,agency_pos,power_equal
illustrate,agency_pos,power_equal
imagine,agency_equal,power_equal
imitate,agency_equal,power_theme
immerse,agency_pos,power_agent
immobilize,agency_pos,power_agent
impale,agency_pos,power_agent
implement,agency_pos,power_agent
imply,agency_neg,power_agent
implore,agency_pos,power_theme
impose,agency_pos,power_agent
impress,agency_neg,power_equal
improve,agency_pos,power_agent
improvise,agency_pos,
inch,agency_equal,
include,agency_pos,power_agent
incorporate,agency_pos,power_theme
increase,agency_pos,power_agent
indicate,agency_pos,power_equal
induce,agency_pos,power_agent
indulge,agency_equal,power_theme
infect,agency_pos,power_equal
inflict,agency_pos,power_agent
influence,agency_pos,power_agent
inform,agency_pos,power_agent
inhale,agency_equal,power_agent
inherit,agency_neg,power_agent
initiate,agency_pos,power_agent
inject,agency_pos,power_agent
injure,agency_pos,power_agent
insert,agency_pos,power_agent
insist,agency_pos,power_agent
insists on,agency_pos,power_agent
inspect,agency_pos,power_agent
inspire,agency_pos,power_agent
install,agency_pos,power_agent
instal,agency_pos,power_agent
instruct,agency_pos,power_agent
insult,agency_pos,power_agent
insure,agency_pos,power_agent
integrate,agency_pos,power_agent
intend,agency_neg,power_equal
intensify,agency_pos,power_agent
intercept,agency_pos,power_agent
interest,agency_neg,power_theme
interfere,agency_pos,
interpret,agency_pos,power_equal
interrogate,agency_pos,power_agent
interrupt,agency_pos,power_agent
intersect,agency_equal,power_equal
intervene,agency_pos,
interview,agency_pos,power_equal
intimidate,agency_pos,power_agent
intrigue,agency_neg,power_agent
introduce,agency_pos,power_agent
intrude,agency_pos,
invade,agency_pos,power_agent
invent,agency_pos,power_agent
investigate,agency_pos,power_agent
invest,agency_pos,power_agent
invite,agency_equal,power_agent
invoke,agency_pos,power_agent
involve,agency_pos,power_agent
irritate,agency_pos,power_agent
isolate,agency_equal,power_agent
issue,agency_pos,power_agent
jab,agency_pos,power_agent
jam,agency_pos,power_agent
jar,agency_pos,power_agent
jiggle,agency_pos,power_agent
jog,agency_pos,
join,agency_pos,power_theme
joke,agency_equal,
jolt,agency_pos,power_agent
jostle,agency_pos,power_agent
jot,agency_pos,power_theme
judge,agency_pos,power_agent
juggle,agency_pos,power_agent
jump,agency_pos,
justify,agency_pos,power_agent
jut,agency_pos,
keep,agency_neg,power_agent
key,agency_pos,power_agent
kick,agency_pos,power_agent
kidnap,agency_pos,power_agent
kid,agency_pos,power_agent
kill,agency_pos,power_agent
kiss,agency_pos,power_agent
kneel,agency_pos,
knit,agency_pos,power_agent
knock,agency_pos,power_agent
knot,agency_pos,power_agent
know,agency_neg,power_agent
label,agency_pos,power_equal
labor,agency_pos,
lace,agency_pos,power_agent
lack,agency_neg,power_theme
lag,agency_neg,
land,agency_pos,
lap,agency_pos,power_agent
lash,agency_pos,power_agent
last,agency_pos,power_agent
latch,agency_equal,power_equal
laugh,agency_pos,
launch,agency_pos,power_agent
lay,agency_pos,
lead,agency_pos,power_agent
leaf,agency_pos,power_agent
leak,agency_pos,power_equal
lean,agency_pos,
leap,agency_pos,
learn,agency_equal,power_theme
leave,agency_pos,power_agent
lecture,agency_pos,power_agent
leer,agency_neg,
lend,agency_equal,power_agent
let,agency_equal,power_agent
letter,agency_pos,power_equal
level,agency_pos,power_agent
lick,agency_pos,power_equal
lie,agency_pos,
lies to,agency_pos,power_equal
lift,agency_pos,power_agent
lighten,agency_pos,power_agent
light,agency_pos,power_agent
like,agency_equal,power_theme
limit,agency_pos,power_agent
limp,agency_neg,
line,agency_pos,power_equal
linger,agency_neg,
link,agency_pos,power_equal
listen,agency_pos,power_theme
list,agency_pos,power_equal
litter,agency_pos,power_agent
live,agency_equal,power_equal
lives on,agency_neg,power_equal
load,agency_pos,power_agent
locate,agency_pos,power_equal
lock,agency_pos,power_agent
lodge,agency_equal,
loll,agency_neg,
look,agency_equal,power_theme
loom,agency_neg,
loop,agency_pos,power_agent
loosen,agency_pos,power_agent
loose,agency_pos,power_agent
lop,agency_pos,power_agent
lose,agency_neg,power_theme
lounge,agency_neg,
love,agency_pos,power_theme
lower,agency_pos,power_agent
lug,agency_pos,power_theme
lumber,agency_pos,
lunge,agency_pos,
lurch,agency_pos,power_agent
lure,agency_pos,power_agent
lurk,agency_neg,
magnify,agency_pos,power_equal
mail,agency_pos,power_agent
maintain,agency_pos,power_agent
make,agency_pos,power_agent
manage,agency_pos,power_agent
mandate,agency_pos,power_agent
maneuver,agency_pos,power_agent
mangle,agency_pos,power_agent
manipulate,agency_pos,power_agent
man,agency_pos,power_agent
manufacture,agency_pos,power_agent
march,agency_equal,
mark,agency_pos,power_agent
marry,agency_pos,power_equal
marvels at,agency_equal,power_theme
mash,agency_pos,power_agent
mask,agency_pos,power_agent
massage,agency_pos,power_theme
match,agency_pos,power_equal
materialize,agency_neg,
mat,agency_equal,power_agent
matter,agency_neg,
mean,agency_neg,power_equal
measure,agency_pos,power_equal
mediate,agency_pos,
meet,agency_pos,power_equal
melt,agency_pos,power_agent
memorize,agency_equal,power_equal
mend,agency_pos,power_agent
mention,agency_equal,power_theme
merge,agency_pos,power_agent
mesmerize,agency_equal,power_agent
messes up,agency_pos,power_agent
mill,agency_pos,
mime,agency_pos,power_theme
mimic,agency_pos,power_theme
mind,agency_equal,power_theme
mingle,agency_pos,power_theme
minimize,agency_pos,power_agent
mirror,agency_equal,power_agent
miss,agency_neg,power_theme
mistake,agency_equal,power_equal
misunderstand,agency_neg,power_theme
mix,agency_pos,power_agent
moan,agency_pos,
mobilize,agency_pos,power_agent
mock,agency_pos,power_agent
modify,agency_pos,power_agent
monitor,agency_neg,power_agent
mop,agency_pos,power_equal
motions to,agency_pos,power_equal
motivate,agency_pos,power_agent
mount,agency_pos,power_agent
mourn,agency_pos,
mouth,agency_pos,power_equal
move,agency_pos,power_agent
moves on,agency_pos,power_equal
mow,agency_pos,power_agent
muffle,agency_pos,power_agent
mug,agency_pos,power_agent
mull,agency_equal,
multiply,agency_equal,power_agent
mumble,agency_pos,power_equal
munch,agency_pos,power_agent
murder,agency_pos,power_agent
murmur,agency_equal,power_equal
muster,agency_pos,power_agent
mute,agency_pos,power_agent
mutilate,agency_pos,power_agent
mutter,agency_equal,power_equal
nail,agency_pos,power_agent
name,agency_pos,power_agent
narrow,agency_pos,power_equal
navigate,agency_pos,power_agent
near,agency_pos,power_equal
need,agency_neg,power_theme
neglect,agency_equal,power_agent
negotiate,agency_pos,power_agent
nestle,agency_pos,power_agent
nibble,agency_pos,power_agent
nod,agency_pos,
nods to,agency_pos,power_theme
nominate,agency_pos,power_agent
nose,agency_pos,power_agent
note,agency_equal,power_theme
notice,agency_equal,power_equal
notify,agency_pos,power_agent
nudge,agency_pos,power_equal
number,agency_pos,power_equal
nurse,agency_pos,power_agent
nuzzle,agency_pos,power_theme
obey,agency_neg,power_theme
object,agency_pos,
objects to,agency_pos,power_theme
oblige,agency_equal,power_theme
obliterate,agency_pos,power_agent
obscure,agency_pos,power_agent
observe,agency_neg,power_equal
obsesses over,agency_equal,power_theme
obstruct,agency_pos,power_agent
obtain,agency_pos,power_agent
occupy,agency_pos,power_agent
occur,agency_neg,
offend,agency_pos,power_theme
offer,agency_pos,power_agent
offers to,agency_pos,power_theme
omit,agency_pos,power_agent
ooze,agency_equal,power_equal
open,agency_pos,power_agent
operate,agency_pos,power_agent
oppose,agency_pos,power_equal
order,agency_pos,power_agent
organize,agency_pos,power_agent
outlaw,agency_pos,power_agent
outline,agency_pos,power_theme
overcome,agency_pos,power_agent
overflow,agency_neg,
overhear,agency_equal,power_equal
overlap,agency_equal,power_agent
overlook,agency_neg,power_agent
oversee,agency_pos,power_agent
overtake,agency_pos,power_agent
overthrow,agency_pos,power_agent
overturn,agency_pos,power_agent
overwhelm,agency_pos,power_agent
owe,agency_neg,power_theme
own,agency_equal,power_agent
pace,agency_pos,power_equal
pack,agency_pos,power_agent
paddle,agency_pos,
pad,agency_pos,power_agent
page,agency_pos,power_equal
paint,agency_pos,power_agent
pal,agency_equal,
panic,agency_pos,power_equal
pan,agency_pos,power_agent
pant,agency_equal,
paralyze,agency_pos,power_agent
pardon,agency_pos,power_agent
park,agency_pos,power_agent
participate,agency_pos,
part,agency_pos,power_agent
pass,agency_pos,power_theme
paste,agency_pos,power_agent
patch,agency_pos,power_agent
patrol,agency_pos,power_agent
pat,agency_pos,power_equal
pause,agency_neg,
pave,agency_pos,power_equal
paw,agency_pos,power_equal
pay,agency_equal,power_agent
peck,agency_pos,power_agent
pedal,agency_pos,
peddle,agency_pos,power_agent
peek,agency_neg,
peel,agency_pos,power_agent
peep,agency_pos,
peer,agency_pos,
pee,agency_pos,
peg,agency_pos,power_agent
pelt,agency_pos,power_agent
penetrate,agency_pos,power_agent
perceive,agency_neg,power_equal
perch,agency_pos,
perfect,agency_pos,power_agent
perform,agency_pos,power_equal
permit,agency_pos,power_agent
perplex,agency_neg,power_agent
persuade,agency_pos,power_agent
peruse,agency_pos,power_theme
pet,agency_pos,power_equal
phone,agency_pos,power_equal
photograph,agency_pos,power_equal
pick,agency_pos,power_agent
picture,agency_equal,power_equal
pierce,agency_pos,power_agent
pile,agency_pos,power_agent
pinch,agency_pos,power_agent
pin,agency_pos,power_agent
pitch,agency_pos,power_agent
pivot,agency_pos,power_equal
place,agency_pos,power_agent
plague,agency_pos,power_agent
plan,agency_pos,power_agent
plant,agency_pos,power_agent
plaster,agency_pos,power_agent
plat,agency_pos,power_equal
play,agency_pos,power_agent
plead,agency_pos,power_theme
please,agency_neg,power_theme
pledge,agency_pos,power_agent
plop,agency_pos,power_agent
plow,agency_pos,power_agent
pluck,agency_pos,power_agent
plugs in,agency_pos,power_agent
plummet,agency_neg,
plunge,agency_pos,power_agent
pocket,agency_equal,power_agent
points at,agency_pos,power_equal
poise,agency_pos,
poison,agency_pos,power_agent
poke,agency_pos,power_agent
polish,agency_pos,power_theme
ponder,agency_neg,
pop,agency_pos,power_agent
portray,agency_pos,power_theme
pose,agency_neg,
position,agency_pos,power_agent
possess,agency_equal,power_agent
postpone,agency_pos,power_agent
post,agency_pos,power_agent
pounce,agency_pos,
pound,agency_pos,power_agent
pour,agency_pos,power_agent
power,agency_pos,power_agent
practice,agency_pos,power_theme
praise,agency_pos,power_equal
pray,agency_pos,power_theme
prays to,agency_neg,power_theme
preach,agency_pos,power_equal
precede,agency_neg,power_agent
predict,agency_equal,power_theme
prefer,agency_neg,power_theme
preoccupy,agency_equal,power_agent
prepare,agency_pos,power_agent
prescribe,agency_pos,power_agent
present,agency_pos,power_agent
preserve,agency_pos,power_agent
preside,agency_pos,
press,agency_pos,power_agent
presume,agency_equal,power_agent
pretend,agency_pos,power_agent
prevail,agency_pos,
prevent,agency_pos,power_agent
prick,agency_pos,power_agent
pry,agency_equal,
print,agency_pos,power_agent
probe,agency_pos,power_agent
proceed,agency_pos,
process,agency_pos,power_equal
proclaim,agency_pos,power_agent
prod,agency_pos,power_agent
produce,agency_pos,power_agent
program,agency_pos,power_agent
progress,agency_pos,
prohibit,agency_pos,power_agent
project,agency_equal,power_agent
promise,agency_pos,power_equal
promote,agency_pos,power_theme
prompt,agency_pos,power_agent
pronounce,agency_pos,power_agent
propel,agency_pos,power_agent
propose,agency_pos,power_agent
prop,agency_pos,power_agent
prosecute,agency_pos,power_agent
protect,agency_pos,power_agent
protest,agency_pos,power_equal
protrude,agency_neg,
prove,agency_pos,power_agent
provide,agency_pos,power_agent
provoke,agency_pos,power_equal
prowl,agency_pos,
publish,agency_pos,power_agent
puff,agency_pos,
pull,agency_pos,power_agent
pulsate,agency_equal,
pulse,agency_equal,
pummel,agency_pos,power_agent
pump,,power_agent
punch,agency_pos,power_agent
punctuate,agency_pos,power_agent
puncture,agency_pos,power_agent
punish,agency_pos,power_agent
purchase,agency_pos,power_agent
purr,agency_equal,
pursue,agency_pos,power_theme
push,agency_pos,power_agent
put,agency_equal,power_agent
puzzle,agency_neg,power_agent
qualify,agency_neg,
question,agency_pos,power_agent
quicken,agency_pos,power_agent
quiet,agency_pos,power_agent
quit,agency_pos,power_agent
quiver,agency_pos,
quote,agency_equal,power_theme
race,agency_pos,power_equal
racks up,agency_pos,power_equal
radiate,agency_equal,power_theme
rag,agency_pos,power_agent
raid,agency_pos,power_agent
rails against,agency_pos,power_agent
rain,agency_pos,power_agent
raise,agency_pos,power_agent
rake,agency_pos,power_agent
ramble,agency_pos,
ram,agency_pos,power_agent
range,agency_pos,
rank,agency_pos,power_agent
rant,agency_pos,
rap,agency_pos,
ratify,agency_pos,power_agent
rats on,agency_pos,power_agent
rattle,agency_pos,power_agent
ravage,agency_pos,power_agent
rave,agency_pos,
reach,agency_pos,power_theme
react,agency_pos,
reacts to,agency_pos,power_theme
ready,agency_pos,power_agent
read,agency_equal,power_agent
reaffirm,agency_pos,power_agent
realise,agency_equal,power_equal
realize,agency_neg,power_equal
reappear,agency_pos,
rearrange,agency_pos,power_agent
rear,agency_pos,
reason,agency_pos,
reassure,agency_pos,power_agent
rebuild,agency_pos,power_agent
recall,agency_neg,power_theme
recede,agency_neg,
receive,agency_neg,power_theme
recite,agency_pos,power_equal
reckon,agency_pos,power_agent
recline,agency_neg,
recognise,agency_equal,power_theme
recognize,agency_neg,power_theme
recoil,agency_equal,
recommend,agency_pos,power_agent
reconcile,agency_pos,power_equal
reconsider,agency_equal,power_agent
record,agency_equal,power_agent
recount,agency_equal,power_agent
recover,agency_pos,power_equal
recruit,agency_pos,power_agent
reduce,agency_pos,power_agent
reel,agency_neg,
refer,agency_pos,power_equal
refill,agency_pos,power_agent
reflect,agency_neg,power_theme
refuse,agency_pos,power_agent
regain,agency_pos,power_agent
regard,agency_neg,power_theme
register,agency_pos,power_agent
regret,agency_neg,power_theme
regulate,agency_pos,power_agent
rehearse,agency_pos,power_equal
reinforce,agency_pos,power_agent
rein,agency_pos,power_equal
reiterate,agency_equal,power_theme
reject,agency_pos,power_agent
rejoin,agency_pos,power_equal
relates to,agency_neg,power_equal
relax,agency_neg,
release,agency_pos,power_agent
relent,agency_pos,
rely,agency_neg,
relieve,agency_pos,power_theme
relish,agency_neg,power_theme
reload,agency_pos,power_agent
remain,agency_neg,
remember,agency_equal,power_equal
remind,agency_pos,power_agent
remove,agency_pos,power_agent
render,agency_pos,power_agent
rend,agency_pos,power_agent
renew,agency_pos,power_agent
renounce,agency_pos,power_agent
rent,agency_pos,power_equal
reopen,agency_pos,power_agent
repair,agency_pos,power_agent
repay,agency_pos,power_theme
repeat,agency_pos,power_theme
replace,agency_pos,power_agent
reply,agency_neg,power_equal
report,agency_pos,power_agent
represent,agency_pos,power_theme
repulse,agency_neg,power_theme
request,agency_equal,power_equal
require,agency_equal,power_theme
rescue,agency_pos,power_agent
resemble,agency_neg,power_equal
resent,agency_neg,power_theme
reserve,agency_pos,power_agent
resign,agency_equal,
resist,agency_pos,power_equal
resolve,agency_pos,power_equal
respect,agency_equal,power_theme
respond,agency_pos,power_theme
restore,agency_pos,power_agent
restrain,agency_pos,power_agent
restrict,agency_pos,power_agent
rest,agency_neg,
result,agency_equal,
results in,agency_neg,power_agent
resume,agency_equal,power_agent
retain,agency_pos,power_agent
retire,agency_pos,power_agent
retract,agency_pos,power_agent
retreat,agency_equal,
retrieve,agency_pos,power_agent
return,agency_pos,power_agent
reveal,agency_pos,power_agent
reverberate,agency_pos,
reverse,agency_pos,power_agent
review,agency_pos,power_equal
revise,agency_pos,power_agent
revive,agency_pos,power_agent
revolve,agency_pos,
revolves around,agency_equal,power_theme
rev,agency_pos,power_agent
reward,agency_pos,power_agent
ricochet,agency_pos,
riddle,agency_pos,power_agent
rid,agency_pos,power_agent
rifles through,agency_pos,power_agent
right,agency_pos,power_agent
rig,agency_pos,power_agent
ring,agency_pos,power_agent
rinse,agency_pos,power_agent
ripple,agency_pos,
rip,agency_pos,power_agent
rise,agency_pos,
risk,agency_equal,power_agent
rivet,agency_pos,power_agent
rivets on,agency_pos,power_agent
roam,agency_neg,power_equal
roar,agency_pos,
roast,agency_pos,power_agent
rob,agency_pos,power_agent
rocket,agency_pos,
rock,agency_equal,
roll,agency_pos,power_agent
root,agency_pos,power_equal
rotate,agency_pos,power_agent
rot,agency_neg,
round,agency_pos,power_equal
rouse,agency_pos,power_agent
row,agency_pos,power_agent
rub,agency_pos,power_equal
ruffle,agency_pos,power_agent
ruin,agency_pos,power_agent
rule,agency_pos,power_agent
rumble,agency_pos,
rummage,agency_pos,
run,agency_pos,
rush,agency_pos,power_agent
rustle,agency_pos,power_agent
rust,agency_neg,
sack,agency_pos,power_agent
sacrifice,agency_pos,power_agent
saddle,agency_pos,power_agent
sag,agency_neg,
sail,agency_pos,power_agent
salute,agency_pos,power_theme
salvage,agency_pos,power_agent
satisfy,agency_pos,power_theme
saunter,agency_pos,
save,agency_pos,power_agent
savor,agency_pos,power_equal
saw,agency_pos,power_agent
say,agency_pos,power_equal
scale,agency_pos,power_agent
scamper,agency_pos,
scan,agency_pos,power_agent
scar,agency_pos,power_agent
scatter,agency_pos,power_agent
schedule,agency_pos,power_agent
scoff,agency_pos,
scoop,agency_pos,power_agent
scoot,agency_pos,
scorch,agency_pos,power_agent
score,agency_pos,power_equal
scour,agency_pos,power_agent
scowl,agency_pos,
scramble,agency_pos,power_agent
scrap,agency_pos,power_agent
scratch,agency_pos,power_agent
scrawl,agency_pos,power_equal
scream,agency_pos,nan
screech,agency_pos,
screen,agency_equal,power_agent
scribble,agency_pos,power_equal
scroll,agency_equal,
scrub,agency_pos,power_agent
scrunch,agency_pos,
scrutinize,agency_pos,power_agent
scurry,agency_pos,
scuttle,agency_pos,
seal,agency_pos,power_agent
search,agency_pos,power_theme
sear,agency_pos,power_agent
seat,agency_pos,power_theme
secure,agency_pos,power_agent
seduce,agency_pos,power_agent
seek,agency_pos,power_theme
seem,agency_neg,
see,agency_neg,power_equal
seethe,agency_pos,
seize,agency_pos,power_agent
select,agency_pos,power_agent
sell,agency_pos,power_agent
send,agency_pos,power_agent
sense,agency_neg,power_theme
sentence,agency_pos,power_agent
separate,agency_pos,power_agent
serve,agency_equal,power_theme
set,agency_pos,power_agent
settle,agency_pos,power_agent
sever,agency_pos,power_agent
sew,agency_pos,power_equal
shade,agency_pos,power_equal
shadow,agency_equal,power_theme
shake,agency_pos,power_agent
shape,agency_pos,power_agent
share,agency_pos,power_agent
sharpen,agency_pos,power_agent
shatter,agency_pos,power_agent
shave,agency_pos,power_agent
shed,agency_pos,power_agent
shell,agency_pos,power_agent
shelter,agency_pos,power_agent
shield,agency_pos,power_agent
shift,agency_pos,power_agent
shimmer,agency_neg,
shin,agency_equal,
ship,agency_pos,power_agent
shiver,agency_equal,
shock,agency_pos,power_agent
shoo,agency_pos,
shoot,agency_pos,power_agent
shop,agency_pos,
shoulder,agency_pos,power_agent
shout,agency_pos,power_agent
shovel,agency_pos,power_agent
shove,agency_pos,power_agent
shower,agency_pos,power_theme
show,agency_pos,power_agent
shred,agency_pos,power_agent
shriek,agency_pos,power_agent
shrink,agency_pos,power_agent
shroud,agency_pos,power_agent
shrug,agency_pos,
shudder,agency_neg,
shuffle,agency_pos,power_agent
shush,agency_pos,power_agent
shut,agency_pos,power_agent
sicken,agency_pos,power_agent
side,agency_equal,
sidestep,agency_pos,power_agent
sidles up to,agency_pos,power_theme
sift,agency_pos,power_agent
sigh,agency_equal,
sight,agency_pos,power_equal
signal,agency_pos,power_equal
sign,agency_pos,power_equal
silence,agency_pos,power_agent
silhouette,agency_neg,power_theme
simmer,agency_pos,power_agent
singles out,agency_pos,power_agent
sing,agency_pos,power_agent
sink,agency_pos,power_agent
sip,agency_pos,power_agent
sit,agency_neg,
situate,agency_pos,power_agent
size,agency_equal,power_agent
sizzle,agency_equal,
skate,agency_pos,power_agent
sketch,agency_pos,power_equal
skid,agency_equal,
skim,agency_pos,power_agent
skin,agency_pos,power_agent
skip,agency_neg,power_agent
skitter,agency_equal,
slam,agency_pos,power_agent
slant,agency_neg,
slap,agency_pos,power_agent
slash,agency_pos,power_agent
slaughter,agency_pos,power_agent
slay,agency_pos,power_agent
sleep,agency_neg,
slice,agency_pos,power_agent
slick,agency_equal,power_agent
slide,agency_equal,power_agent
sling,agency_pos,power_agent
slink,agency_neg,
slip,agency_pos,power_agent
slither,agency_pos,
slit,agency_pos,power_agent
slop,agency_pos,power_agent
slosh,agency_equal,
slouch,agency_neg,
slow,agency_pos,power_equal
slug,agency_pos,power_agent
slump,agency_neg,
slurp,agency_pos,power_agent
slur,agency_equal,
smack,agency_pos,power_agent
smash,agency_pos,power_agent
smear,agency_pos,power_agent
smell,agency_neg,power_theme
smile,agency_pos,nan
smirk,agency_neg,
smoke,agency_pos,power_agent
smolder,agency_neg,
smooth,agency_pos,power_equal
smother,agency_pos,power_agent
snag,agency_pos,power_agent
snap,agency_pos,
snarls at,agency_pos,power_equal
snatch,agency_pos,power_agent
sneak,agency_pos,power_agent
sneer,agency_pos,
sneeze,agency_pos,
snicker,agency_neg,
sniff,agency_equal,
snip,agency_pos,power_agent
snoop,agency_pos,
snore,agency_neg,
snort,agency_pos,
snow,agency_neg,
snuggle,agency_pos,power_equal
soak,agency_pos,power_agent
soar,agency_pos,
sober,agency_pos,power_agent
sob,agency_neg,
soften,agency_pos,power_equal
soil,agency_pos,power_agent
solicit,agency_pos,power_agent
solve,agency_pos,power_agent
soothe,agency_pos,power_equal
sort,agency_pos,power_equal
sound,agency_pos,power_equal
space,agency_pos,power_agent
span,agency_neg,power_agent
spar,agency_pos,power_equal
sparkle,agency_neg,
spark,agency_pos,power_agent
spatter,agency_equal,
speak,agency_pos,
speaks to,agency_pos,power_equal
specify,agency_pos,power_equal
speed,agency_pos,
speeds up,agency_pos,power_equal
spell,agency_equal,power_equal
spend,agency_pos,power_agent
spew,agency_pos,power_agent
spy,agency_pos,power_equal
spike,agency_pos,power_agent
spill,agency_pos,power_agent
spin,agency_pos,power_agent
spiral,agency_pos,
spits at,agency_pos,power_agent
splash,agency_pos,
splatter,agency_pos,power_agent
splinter,agency_pos,power_agent
split,agency_pos,power_agent
spoil,agency_pos,power_equal
sponsor,agency_pos,power_agent
spook,agency_pos,power_agent
sport,agency_equal,power_equal
spot,agency_neg,power_agent
sprawl,agency_equal,
spray,agency_pos,power_agent
spread,agency_pos,power_agent
spring,agency_pos,
sprinkle,agency_pos,power_agent
sprint,agency_pos,
sprout,agency_pos,
spur,agency_pos,power_agent
sputter,agency_pos,
square,agency_pos,power_agent
squash,agency_pos,power_agent
squat,agency_pos,
squeak,agency_equal,
squeal,agency_equal,
squeeze,agency_pos,power_agent
squint,agency_equal,
squirm,agency_equal,
squirt,agency_pos,power_equal
stabilize,agency_pos,power_agent
stab,agency_pos,power_agent
stack,agency_pos,power_agent
stagger,agency_equal,
stain,agency_pos,power_agent
stake,agency_pos,power_agent
stalk,agency_pos,power_theme
stall,agency_pos,power_agent
stamp,agency_pos,power_agent
stand,agency_equal,
star,agency_pos,power_equal
startle,agency_pos,power_equal
start,agency_pos,power_agent
starve,agency_pos,power_agent
stash,agency_pos,power_agent
state,agency_pos,power_equal
station,agency_pos,power_agent
stay,agency_neg,nan
steady,agency_pos,power_agent
steal,agency_pos,power_agent
steam,agency_pos,power_agent
steel,agency_pos,power_agent
steer,agency_pos,power_agent
stencil,agency_pos,power_agent
step,agency_pos,nan
stick,agency_pos,
stiffen,agency_pos,power_equal
stifle,agency_pos,power_agent
stimulate,agency_pos,power_equal
sting,agency_pos,power_agent
stink,agency_neg,
stir,agency_pos,power_agent
stitch,agency_pos,power_equal
stock,agency_pos,power_equal
stomp,agency_pos,
stone,agency_pos,power_agent
stoop,agency_equal,
stop,agency_pos,power_agent
store,agency_pos,power_agent
storm,agency_pos,power_agent
stow,agency_pos,power_agent
straddle,agency_pos,power_agent
straighten,agency_pos,power_agent
strain,agency_pos,power_agent
strand,agency_pos,power_agent
strangle,agency_pos,power_agent
strangles on,agency_equal,power_agent
strap,agency_pos,power_agent
stray,agency_pos,
stream,agency_pos,
strengthen,agency_pos,power_agent
stress,agency_pos,power_agent
stretch,agency_pos,
stride,agency_pos,
strike,agency_pos,power_agent
string,agency_pos,power_agent
strip,agency_pos,power_agent
stroke,agency_pos,power_equal
stroll,agency_equal,
struggle,agency_equal,power_theme
strut,agency_pos,
stub,agency_equal,power_agent
study,agency_pos,power_equal
stuff,agency_pos,power_agent
stumble,agency_neg,
stun,agency_pos,power_agent
subdue,agency_pos,power_agent
submerge,agency_pos,power_agent
submit,agency_pos,power_equal
subside,agency_neg,
subtitle,agency_pos,power_theme
succeed,agency_pos,power_agent
sue,agency_pos,power_agent
suffer,agency_neg,power_theme
suffocate,agency_pos,power_agent
suggest,agency_pos,power_agent
sulk,agency_neg,
summon,agency_pos,power_agent
superimpose,agency_pos,power_agent
supervise,agency_pos,power_agent
supply,agency_pos,power_agent
support,agency_pos,power_equal
suppose,agency_equal,power_equal
suppress,agency_pos,power_agent
surface,agency_pos,
surf,agency_pos,
surge,agency_pos,
surprise,agency_pos,power_equal
surrender,agency_neg,power_agent
surround,agency_pos,power_agent
survey,agency_pos,power_equal
survive,agency_neg,power_equal
survives on,agency_pos,power_theme
suspect,agency_pos,power_equal
suspend,agency_pos,power_agent
sustain,agency_pos,power_agent
swallow,agency_pos,power_agent
swap,agency_pos,power_agent
swarm,agency_pos,
swat,agency_pos,power_agent
sway,agency_pos,power_agent
swear,agency_pos,power_agent
sweat,agency_neg,
sweep,agency_pos,power_agent
swell,agency_equal,
swerve,agency_pos,
swig,agency_pos,power_equal
swim,agency_pos,
swing,agency_pos,power_agent
swipe,agency_pos,power_agent
swirl,agency_pos,power_agent
switch,agency_pos,power_agent
swivel,agency_pos,power_agent
swoop,agency_pos,
tackle,agency_pos,power_agent
tack,agency_pos,power_agent
tag,agency_pos,power_agent
tailor,agency_pos,power_equal
tail,agency_pos,power_theme
take,agency_pos,power_theme
talk,agency_pos,nan
talks to,agency_pos,power_equal
tangle,agency_pos,power_agent
tap,agency_equal,power_equal
target,agency_pos,power_agent
taste,agency_pos,power_agent
tattoo,agency_pos,
taunt,agency_pos,power_agent
taxis,agency_pos,
teach,agency_pos,power_agent
tear,agency_pos,power_agent
tease,agency_pos,power_agent
teeter,agency_neg,
telephone,agency_pos,power_equal
tell,agency_pos,power_equal
tempt,agency_pos,power_agent
tend,agency_pos,power_agent
tense,agency_pos,power_equal
terminate,agency_pos,power_agent
term,agency_pos,power_agent
terrify,agency_pos,power_agent
testify,agency_pos,power_equal
test,agency_pos,power_agent
tether,agency_pos,power_agent
thank,agency_pos,power_theme
thaw,agency_pos,power_agent
think,agency_pos,power_equal
thin,agency_pos,power_agent
thrash,agency_pos,power_agent
thread,agency_pos,
threaten,agency_pos,power_agent
thrill,agency_pos,power_agent
throb,agency_neg,
throttle,agency_pos,power_agent
throw,agency_pos,power_agent
thrust,agency_pos,power_agent
thumb,agency_equal,
thump,agency_pos,power_agent
thunder,agency_pos,
tickle,agency_pos,power_equal
ticks off,agency_equal,power_equal
tidy,agency_pos,power_agent
tie,agency_pos,power_equal
tighten,agency_pos,power_agent
tilt,agency_pos,power_agent
time,agency_pos,power_agent
ting,agency_pos,
tip,agency_pos,power_theme
tiptoe,agency_pos,
tire,agency_equal,power_agent
toast,agency_pos,power_equal
tolerate,agency_equal,power_equal
topple,agency_pos,power_agent
top,agency_pos,power_agent
torment,agency_pos,power_agent
torture,agency_pos,power_agent
toss,agency_pos,power_agent
total,agency_pos,power_agent
touch,agency_pos,power_theme
tower,agency_neg,
tow,agency_pos,power_agent
toys with,agency_pos,power_agent
trace,agency_pos,power_theme
track,agency_pos,power_agent
trade,agency_pos,power_agent
trail,agency_pos,power_equal
train,agency_pos,power_agent
trample,agency_pos,power_agent
transfer,agency_pos,power_agent
transfix,agency_pos,power_agent
transform,agency_pos,power_agent
translate,agency_pos,power_agent
transmit,agency_pos,power_equal
transport,agency_pos,power_agent
trap,agency_pos,power_agent
trash,agency_pos,power_agent
travel,agency_pos,power_agent
tread,agency_pos,
treat,agency_pos,power_agent
tremble,agency_neg,
trickle,agency_neg,
trick,agency_pos,power_agent
try,agency_pos,power_equal
trigger,agency_pos,power_agent
trim,agency_pos,power_agent
trip,agency_pos,power_agent
trips on,agency_neg,power_theme
trot,agency_pos,power_equal
trouble,agency_pos,power_agent
trudge,agency_pos,
trust,agency_neg,power_theme
tuck,agency_pos,power_equal
tug,agency_pos,power_agent
tumble,agency_pos,
tune,agency_pos,power_agent
turn,agency_pos,power_theme
twinkle,agency_equal,
twirl,agency_pos,power_agent
twist,agency_pos,power_agent
twitch,agency_neg,
type,agency_pos,power_equal
unbuckle,agency_pos,power_agent
unbutton,agency_pos,power_agent
uncover,agency_pos,power_agent
underestimate,agency_equal,power_theme
undergo,agency_neg,
underlie,agency_neg,power_agent
undermine,agency_pos,power_agent
underscore,agency_pos,power_agent
understand,agency_equal,power_agent
undertake,agency_pos,power_theme
undo,agency_pos,power_agent
undress,agency_pos,power_agent
undulate,agency_pos,
unfold,agency_pos,power_agent
unhook,agency_pos,power_agent
unite,agency_pos,power_agent
unleash,agency_pos,power_agent
unload,agency_pos,power_theme
unlock,agency_pos,power_equal
unnerve,agency_pos,power_agent
unpack,agency_pos,power_agent
unravel,,power_agent
unroll,agency_pos,power_agent
unscrew,agency_pos,power_agent
untie,agency_pos,power_agent
unwrap,agency_pos,power_agent
unzip,agency_pos,power_agent
uphold,agency_pos,power_theme
upset,agency_pos,power_agent
urge,agency_pos,power_equal
use,agency_pos,power_agent
usher,agency_equal,power_agent
utter,agency_pos,power_equal
value,agency_neg,power_theme
vanish,agency_neg,
vary,agency_neg,
vault,agency_pos,power_agent
veer,agency_pos,
vent,agency_pos,power_equal
venture,agency_pos,
verify,agency_equal,power_agent
veto,agency_pos,
vibrate,agency_pos,power_agent
view,agency_neg,power_equal
violate,agency_pos,power_agent
visit,agency_pos,power_theme
voice,agency_pos,power_equal
volunteer,agency_pos,power_equal
vote,agency_pos,power_theme
wad,agency_pos,power_agent
wag,agency_pos,power_agent
wail,agency_neg,
wait,agency_neg,power_theme
wake,agency_pos,power_agent
walk,agency_pos,power_agent
wall,agency_pos,power_agent
waltz,agency_pos,
wander,agency_neg,
want,agency_neg,power_theme
warm,agency_pos,power_agent
warn,agency_pos,power_agent
warrant,agency_equal,power_agent
wash,agency_pos,power_agent
waste,agency_equal,power_agent
watch,agency_neg,power_theme
water,agency_pos,power_agent
waver,agency_equal,
wave,agency_pos,power_equal
weaken,agency_pos,power_agent
wear,agency_pos,power_agent
weather,agency_pos,power_theme
weave,agency_pos,power_agent
wedge,agency_pos,power_agent
weep,agency_neg,
weigh,agency_equal,power_agent
welcome,agency_pos,power_equal
weld,,power_agent
well,agency_equal,
wet,agency_pos,power_agent
whack,agency_pos,power_agent
wheel,agency_pos,power_agent
wheeze,agency_equal,
whimper,agency_neg,
whine,agency_equal,
whip,agency_pos,power_agent
whirl,agency_pos,power_agent
whir,agency_pos,
whisk,agency_pos,power_agent
whisper,agency_pos,power_equal
whistle,agency_pos,
whoop,agency_equal,
widen,agency_pos,power_agent
wield,agency_pos,power_agent
wiggle,agency_pos,power_equal
will,agency_pos,power_agent
wince,agency_neg,
wind,agency_pos,power_agent
wink,agency_equal,
win,agency_pos,power_agent
wipe,agency_pos,power_agent
wire,agency_pos,power_agent
wish,agency_neg,power_theme
withdraw,agency_pos,power_agent
wither,agency_neg,
withhold,agency_pos,power_agent
witness,agency_neg,power_theme
wobble,agency_neg,
wonder,agency_equal,power_equal
work,agency_pos,power_agent
worry,agency_neg,power_equal
worsen,agency_pos,power_agent
worship,agency_pos,power_theme
wound,agency_pos,power_agent
wrack,agency_pos,power_equal
wrap,agency_pos,power_agent
wreck,agency_pos,power_agent
wrench,agency_pos,
wrestle,agency_pos,
wriggle,agency_pos,
wring,agency_pos,power_agent
write,agency_pos,power_agent
writhe,agency_equal,
yank,agency_pos,power_agent
yawn,agency_equal,
yell,agency_pos,
yelp,agency_pos,
yield,agency_equal,power_agent
zap,agency_pos,power_agent
zip,agency_pos,
zoom,agency_pos,
rectify,agency_pos,power_agent
commute,agency_pos,nan
overfeed,agency_pos,power_theme
nix,agency_pos,power_agent
avoiding,agency_pos,power_equal
deform,agency_pos,power_agent
scorn,agency_pos,power_equal
temper,agency_pos,power_equal
hinder,agency_pos,power_agent
suck,agency_pos,power_agent
balk,agency_neg,nan
obsess,agency_pos,nan
bing,agency_pos,power_theme
othering,agency_pos,nan
update,agency_pos,power_agent
starbucks,agency_pos,nan
impact,agency_pos,power_theme
fathom,agency_pos,power_theme
relapse,agency_neg,nan
icks,agency_pos,power_theme
conserve,agency_pos,power_agent
honour,agency_pos,power_theme
skirt,agency_pos,power_agent
prioritize,agency_pos,power_agent
rack,agency_pos,power_agent
railroad,agency_pos,power_agent
laundry,agency_pos,power_agent
war,agency_pos,power_agent
rat,agency_pos,power_agent
degrade,agency_pos,power_agent
romanticize,agency_pos,power_agent
internalize,agency_pos,power_agent
bandaid,agency_pos,power_theme
package,agency_pos,power_theme
vomit,agency_neg,nan
class,agency_pos,power_agent
police,agency_pos,power_agent
deprave,agency_pos,power_theme
rehab,agency_pos,power_agent
recur,agency_pos,nan
pacify,agency_pos,power_theme
annihilate,agency_pos,power_agent
fuck,agency_pos,power_agent
overrule,agency_pos,power_agent
exhilarate,agency_pos,power_theme
shoplift,agency_pos,power_agent
mange,agency_pos,power_agent
molest,agency_pos,power_agent
rehome,agency_pos,power_theme
weight,agency_equal,power_agent
alienate,agency_pos,power_theme
got-,agency_pos,power_theme
redo,agency_pos,power_agent
overindulge,agency_pos,power_theme
leech,agency_pos,power_theme
stump,agency_pos,power_agent
be,agency_equal,nan
bloat,agency_pos,power_agent
aspire,agency_pos,power_theme
may,agency_pos,power_agent
disrespect,agency_neg,power_theme
dabble,agency_pos,power_theme
pair,agency_pos,power_equal
consent,agency_pos,power_agent
snowshoe,agency_pos,nan
cohabitating,agency_pos,nan
embark,agency_pos,power_agent
fertilize,agency_pos,power_agent
crap,agency_pos,nan
piss,agency_pos,power_agent
,agency_pos,power_theme
plough,agency_pos,power_agent
sham,agency_pos,power_equal
counterbalance,agency_pos,power_equal
confide,agency_pos,power_theme
sprain,agency_pos,power_agent
pooped,agency_pos,nan
bottle,agency_pos,power_agent
guestimate,agency_pos,power_equal
uninstalling,agency_pos,power_agent
coke,agency_pos,power_agent
coincide,agency_equal,nan
microwave,agency_pos,power_agent
yeet,agency_pos,power_theme
mottle,agency_pos,power_agent
wreak,agency_pos,power_agent
txt,agency_pos,power_agent
v*mitted,agency_pos,nan
thrive,agency_pos,nan
refeeding,agency_pos,nan
reclaim,agency_pos,power_agent
message,agency_pos,power_agent
reposting,agency_pos,power_agent
gross,agency_pos,power_agent
yoyoing,agency_pos,nan
ride,agency_pos,power_agent
shame,agency_pos,power_theme
refresh,agency_pos,power_agent
intaked,agency_pos,power_theme
micromanaging,agency_pos,power_agent
stem,agency_pos,power_equal
vouch,agency_pos,power_agent
tone,agency_pos,power_theme
overdo,agency_pos,power_theme
mossed,agency_pos,power_agent
flavor,agency_pos,power_theme
amount,agency_pos,power_agent
word,agency_pos,power_theme
v*mit,agency_neg,nan
oding,agency_pos,nan
succumb,agency_pos,power_theme
deadlifting,agency_pos,power_agent
suceeded,agency_pos,nan
romanticise,agency_pos,power_theme
remarry,agency_pos,power_equal
bodychecks,agency_pos,power_agent
equal,agency_pos,power_equal
enroll,agency_pos,power_agent
reexamine,agency_pos,power_agent
degenerate,agency_pos,power_agent
demo,agency_pos,power_theme
cheek,agency_pos,power_agent
overshare,agency_pos,power_agent
shorten,agency_pos,power_agent
intoxicate,agency_pos,power_agent
photoshoping,agency_pos,power_agent
can,agency_pos,power_agent
snapchat,agency_pos,power_agent
fudge,agency_pos,power_agent
gutted,agency_pos,power_agent
was(is,agency_equal,nan
slimmed,agency_pos,nan
socialize,agency_pos,nan
cookies,agency_pos,nan
bias,agency_pos,power_theme
supplement,agency_pos,power_theme
gin,agency_pos,power_agent
excerise,agency_pos,nan
diet,agency_pos,power_agent
persist,agency_pos,power_equal
overjoy,agency_pos,power_theme
says-,agency_pos,power_agent
alternate,agency_pos,power_agent
prepping,agency_pos,nan
defrost,agency_pos,power_agent
overheat,agency_pos,power_agent
sexted,agency_pos,power_agent
hospitalize,agency_pos,power_agent
traumatize,agency_pos,power_agent
workout,agency_pos,power_agent
reintroduce,agency_pos,power_agent
psyching,agency_pos,power_agent
ration,agency_pos,power_agent
throwup,agency_pos,nan
plate,agency_pos,power_agent
pore,agency_pos,power_agent
refocus,agency_pos,nan
internalise,agency_pos,power_agent
transmute,agency_pos,power_agent
instagram,agency_pos,power_agent
narrate,agency_pos,power_theme
unhinge,agency_pos,power_agent
maxed,agency_pos,power_theme
flaw,agency_pos,power_equal
butt,agency_pos,power_agent
dwindle,agency_pos,power_agent
verge,agency_pos,nan
aproach,agency_pos,power_theme
satiate,agency_pos,power_theme
breakup,agency_pos,power_agent
woo,agency_pos,power_agent
doordash,agency_pos,nan
overload,agency_pos,power_agent
looked/,agency_pos,nan
cuss,agency_pos,power_agent
discredit,agency_pos,power_agent
unblock,agency_pos,power_equal
fend,agency_pos,power_agent
beef,agency_pos,nan
substitute,agency_pos,power_agent
specialise,agency_pos,nan
abide,agency_pos,power_agent
esteem,agency_pos,power_theme
reset,agency_pos,power_agent
reference,agency_pos,power_theme
dont,agency_pos,nan
suffice,agency_equal,nan
fatshame,agency_pos,power_theme
stimate,agency_pos,power_equal
berate,agency_pos,power_agent
revert,agency_pos,power_agent
worth,agency_equal,nan
overcook,agency_pos,power_theme
reignite,agency_pos,power_agent
overwork,agency_pos,power_theme
mechanize,agency_pos,power_theme
snooze,agency_neg,nan
vow,agency_pos,power_agent
snuff,agency_pos,power_agent
eradicate,agency_pos,power_agent
overthinking,agency_pos,power_agent
overdose,agency_pos,power_agent
damn,agency_pos,power_theme
experiment,agency_pos,power_agent
period,agency_pos,power_agent
grapple,agency_pos,power_equal
depreciate,agency_pos,power_agent
gaslighitng,agency_neg,power_agent
reform,agency_pos,power_agent
bike,agency_pos,power_agent
practise,agency_pos,power_theme
spasm,agency_neg,nan
weed,agency_pos,power_agent
facilitate,agency_pos,power_equal
bait,agency_pos,power_agent
impersonate,agency_pos,power_theme
carbonate,agency_pos,power_agent
fret,agency_neg,power_equal
worm,agency_pos,power_theme
binge,agency_pos,power_agent
masturbate,agency_pos,power_agent
ingrain,agency_pos,power_theme
misuse,agency_pos,power_agent
ovulate,agency_equal,nan
contraindicate,agency_neg,power_theme
replay,agency_pos,power_theme
ransack,agency_pos,power_agent
lucked,agency_equal,nan
deplete,agency_pos,power_agent
weaponise,agency_pos,power_agent
profit,agency_pos,power_agent
overpower,agency_pos,power_agent
overfill,agency_pos,power_theme
yeeting,agency_pos,power_agent
callled,agency_pos,nan
ingest,agency_pos,power_agent
resuscitate,agency_pos,power_agent
phase,agency_pos,power_theme
fabricate,agency_pos,power_agent
unfollow,agency_pos,power_theme
over,agency_pos,power_agent
ratchet,agency_pos,power_agent
complement,agency_pos,power_theme
reawaken,agency_pos,power_agent
spoon,agency_pos,power_agent
waive,agency_pos,power_agent
minimise,agency_pos,power_agent
surpress,agency_pos,power_agent
discolor,agency_pos,power_agent
mimick,agency_pos,power_theme
debunk,agency_pos,power_agent
falsify,agency_pos,power_agent
recieving,agency_equal,nan
bolster,agency_pos,power_agent
rephrase,agency_pos,power_agent
modulate,agency_pos,power_equal
deceive,agency_pos,power_agent
scrutinise,agency_pos,power_agent
transcend,agency_pos,power_agent
detail,agency_pos,power_theme
dose,agency_pos,power_agent
sum,agency_pos,power_agent
infuse,agency_pos,power_agent
burden,agency_pos,power_theme
homeschooling,agency_pos,nan
mantaining,agency_pos,power_equal
commiserate,agency_pos,power_theme
spasming,agency_equal,nan
elicit,agency_pos,power_theme
garner,agency_pos,power_agent
overcrowd,agency_pos,power_theme
devalue,agency_pos,power_theme
dampen,agency_pos,power_agent
deactivate,agency_pos,power_agent
crossposted,agency_pos,power_agent
daunt,agency_pos,power_agent
excercising,agency_pos,nan
compound,agency_pos,power_equal
shrivel,agency_pos,power_agent
carpooled,agency_pos,nan
dramatize,agency_pos,power_theme
unlearn,agency_pos,power_agent
reimburse,agency_pos,power_theme
stereotype,agency_pos,power_theme
overhaul,agency_pos,power_agent
deregulate,agency_neg,power_agent
exhibit,agency_pos,power_theme
lessen,agency_pos,power_agent
oversleep,agency_neg,nan
spoiler,agency_pos,power_theme
antagonise,agency_pos,power_agent
fetishize,agency_pos,power_theme
dispel,agency_pos,power_agent
cycle,agency_pos,power_theme
overate,agency_pos,nan
decompress,agency_pos,power_theme
breastfeed,agency_pos,power_theme
bathe,agency_pos,power_agent
idolize,agency_pos,power_theme
slim,agency_pos,power_agent
hone,agency_pos,power_agent
contend,agency_pos,power_agent
taper,agency_pos,power_agent
reuptake,agency_pos,power_agent
branch,agency_pos,power_agent
allot,agency_pos,power_theme
miswrote,agency_pos,power_agent
gear,agency_pos,power_agent
accomodate,agency_pos,power_equal
stutter,agency_neg,nan
swaddle,agency_pos,power_theme
bombard,agency_pos,power_agent
bonk,agency_pos,power_theme
vape,agency_pos,power_theme
tarnish,agency_pos,power_agent
signify,agency_pos,power_theme
cant,agency_pos,power_equal
splurge,agency_pos,power_agent
downplay,agency_pos,power_agent
abstain,agency_pos,nan
fizzle,agency_equal,nan
workout/,agency_pos,nan
relocate,agency_pos,power_agent
diddle,agency_pos,power_agent
frequent,agency_pos,power_theme
birth,agency_pos,power_theme
discomfit,agency_pos,power_agent
stop-,agency_pos,power_equal
overexcersing,agency_pos,power_agent
struggle(d,agency_pos,nan
fcked,agency_pos,power_agent
debloat,agency_pos,power_agent
micromanage,agency_pos,power_agent
solidify,agency_pos,power_agent
manhandle,agency_pos,power_theme
breakdown,agency_pos,power_agent
pooping,agency_pos,nan
empathize,agency_pos,power_theme
addition,agency_pos,power_equal
quash,agency_pos,power_agent
tax,agency_pos,power_theme
fog,agency_pos,power_agent
duct,agency_pos,power_equal
overrely,agency_neg,nan
gulfed,agency_pos,power_agent
implode,agency_pos,power_agent
absolve,agency_pos,power_agent
reposted,agency_pos,power_agent
clam,agency_pos,nan
chisel,agency_pos,power_agent
conjure,agency_pos,power_agent
ho,agency_pos,power_agent
purge/,agency_pos,power_agent
facetime,agency_pos,power_theme
k*ll,agency_pos,power_agent
diagnosis,agency_pos,power_agent
butter,agency_pos,power_agent
sidetrack,agency_pos,power_agent
culminate,agency_pos,power_agent
reconcilie,agency_pos,power_equal
stunt,agency_pos,power_agent
sexualise,agency_pos,power_theme
overexercised,agency_pos,nan
entrain,agency_pos,power_agent
vom\*t,agency_pos,nan
puke,agency_neg,nan
flatter,agency_pos,power_theme
resonate,agency_pos,nan
onboard,agency_pos,power_theme
freak,agency_pos,power_agent
wigging,agency_neg,nan
repress,agency_pos,power_agent
insinuate,agency_pos,power_theme
moniter,agency_pos,power_theme
hospitalise,agency_pos,power_theme
roleplay,agency_pos,nan
overstep,agency_neg,power_theme
effect,agency_pos,power_theme
broom,agency_pos,power_equal
miscarry,agency_neg,nan
bullshit,agency_pos,power_agent
hookup,agency_pos,power_agent
assuage,agency_pos,power_theme
plateau,agency_pos,nan
felt,agency_equal,power_equal
host,agency_pos,power_agent
abandone,agency_neg,power_theme
style,agency_pos,power_agent
waterboard,agency_pos,power_agent
tingle,agency_equal,nan
morph,agency_pos,power_theme
burp,agency_pos,nan
eschew,agency_pos,power_agent
underrate,agency_equal,power_theme
jinx,agency_pos,power_equal
retaliate,agency_pos,power_agent
dissappear,agency_pos,nan
coalesce,agency_pos,power_theme
petrify,agency_pos,power_agent
fixate,agency_pos,power_theme
reprimand,agency_pos,power_agent
dissociate,agency_pos,power_agent
prolong,agency_pos,power_theme
goal,agency_pos,power_theme
objectify,agency_pos,power_theme
muscle,agency_pos,power_agent
lapse,agency_neg,nan
ought,agency_equal,nan
skyrocket,agency_pos,power_agent
excersise,agency_pos,nan
instill,agency_pos,power_theme
savour,agency_pos,power_theme
eff,agency_pos,power_equal
readjust,agency_pos,power_agent
infuriate,agency_pos,power_agent
sandwich,agency_pos,power_agent
looove,agency_pos,power_theme
normalise,agency_pos,power_equal
stomach,agency_pos,power_equal
putrefy,agency_equal,nan
bunch,agency_pos,power_theme
st*rve,agency_pos,nan
incite,agency_pos,power_agent
unalive,agency_pos,power_theme
straggle,agency_pos,nan
stare,agency_equal,nan
ascribe,agency_pos,power_agent
snitch,agency_neg,power_theme
scrounge,agency_pos,power_agent
frost,agency_pos,power_agent
purge,agency_pos,power_agent
pig,agency_pos,power_agent
underperform,agency_neg,nan
tame,agency_pos,power_theme
understate,agency_equal,power_theme
title,agency_pos,power_agent
quench,agency_pos,power_agent
price,agency_pos,power_theme
psychoanalyze,agency_pos,power_theme
embody,agency_pos,power_agent
sugar,agency_pos,power_agent
weirded,agency_neg,power_theme
categorise,agency_pos,power_agent
bolded,agency_pos,power_agent
tattle,agency_neg,nan
leverage,agency_pos,power_agent
muddle,agency_pos,power_agent
oversexualize,agency_pos,power_theme
wallow,agency_pos,power_agent
intaking,agency_pos,nan
stave,agency_pos,power_agent
overcompensate,agency_pos,power_agent
gunna,nan,nan
deviate,agency_pos,nan
fantasize,agency_pos,nan
manifest,agency_pos,power_theme
field,agency_pos,power_agent
surpass,agency_pos,power_agent
tout,agency_pos,power_agent
mushroom,agency_pos,power_theme
derealize,agency_pos,nan
partake,agency_pos,power_theme
assed,agency_pos,power_agent
terrrifies,agency_neg,power_theme
agonise,agency_pos,nan
forcefeed,agency_pos,power_theme
sicker,agency_pos,nan
bodychecked,agency_pos,power_theme
image,agency_pos,power_equal
excruciate,agency_pos,power_theme
destruct,agency_pos,power_agent
vein,agency_pos,power_agent
meditate,agency_pos,nan
thicken,agency_pos,power_agent
numb,agency_neg,power_theme
discipline,agency_pos,power_theme
resort,agency_pos,power_agent
vocalize,agency_pos,power_agent
through,agency_pos,power_theme
layer,agency_pos,power_agent
contextualizing,agency_pos,nan
nag,agency_pos,power_agent
commend,agency_pos,power_theme
toll,agency_pos,power_agent
follower,agency_pos,power_theme
scrape,agency_pos,power_agent
shit,agency_pos,nan
alleviate,agency_pos,power_theme
ogle,agency_pos,power_theme
major,agency_pos,power_agent
cripple,agency_pos,power_agent
import,agency_pos,power_theme
fessed,agency_pos,nan
accentuate,agency_pos,power_theme
factor,agency_pos,power_theme
pinpoint,agency_pos,power_theme
parallel,agency_pos,power_equal
stymie,agency_pos,power_equal
muck,agency_pos,power_agent
categorize,agency_pos,power_agent
haaate,agency_pos,power_equal
attemped,agency_pos,power_equal
ketoing,agency_pos,nan
booze,agency_pos,power_agent
whelm,agency_pos,power_theme
job,agency_pos,power_agent
digress,agency_pos,nan
up,agency_pos,power_agent
reek,agency_neg,power_theme
revere,agency_pos,power_theme
spat,agency_pos,nan
delude,agency_pos,power_theme
fatten,agency_pos,power_agent
distrust,agency_neg,power_theme
stabilise,agency_pos,power_equal
gt;reduce,agency_pos,power_theme
exacerbate,agency_pos,power_theme
squander,agency_pos,power_agent
vaping,agency_pos,nan
overshoot,agency_pos,power_theme
restart,agency_pos,power_agent
reminisce,agency_pos,nan
traumatise,agency_pos,power_theme
buckle,agency_pos,power_agent
mint,agency_pos,power_agent
guilted,agency_pos,power_agent
excel,agency_pos,power_agent
guzzle,agency_pos,power_agent
catalogue,agency_pos,power_theme
pickle,agency_pos,power_theme
strive,agency_pos,power_equal
loooove,agency_pos,power_theme
dead,agency_neg,nan
weightlift,agency_pos,power_agent
lust,agency_pos,power_theme
allocate,agency_pos,power_theme
emerse,agency_pos,power_theme
dizzy,agency_neg,nan
truck,agency_pos,power_agent
nuke,agency_pos,power_agent
overuse,agency_pos,power_theme
parent,agency_pos,power_agent
subject,agency_pos,power_theme
relearn,agency_equal,power_theme
glamorize,agency_pos,power_theme
organise,agency_pos,power_agent
yearn,agency_pos,power_theme
consist,agency_neg,power_theme
email,agency_pos,power_agent
adhere,agency_pos,power_agent
outgrow,agency_pos,power_agent
reorganize,agency_pos,power_agent
utilise,agency_pos,power_agent
dishearten,agency_pos,power_agent
abhor,agency_pos,power_equal
pity,agency_pos,power_theme
d,agency_equal,nan
sap,agency_pos,power_theme
incentivized,agency_pos,power_theme
infliltrated,agency_pos,power_agent
"goes,are","agency_equal
Power: nan

Verb: are
Sentence: They are
Agency: agency_equal","nan

Verb: are
Sentence: They are
Agency: agency_equal
Power: nan"
humour,agency_pos,power_theme
disregard,agency_pos,power_agent
gloss,agency_pos,power_agent
divest,agency_pos,power_agent
recenter,agency_pos,power_agent
condition,agency_pos,power_theme
coddle,agency_pos,power_theme
revolt,agency_pos,power_agent
bare,agency_pos,power_agent
teleport,agency_pos,power_equal
distill,agency_pos,power_agent
spout,agency_pos,power_agent
hope,agency_pos,power_theme
seclude,agency_pos,power_agent
sync,agency_pos,power_equal
text,agency_pos,power_theme
ace,agency_pos,power_agent
exersise,agency_pos,nan
eating-,agency_pos,nan
journey,agency_pos,power_agent
jumpstart,agency_pos,power_agent
distend,agency_pos,power_agent
surmise,agency_pos,power_agent
liquidise,agency_pos,power_theme
delete,agency_pos,power_agent
quarantine,agency_pos,power_agent
restructure,agency_pos,power_agent
bee,agency_pos,power_agent
hiccup,agency_neg,nan
relive,agency_pos,power_agent
source,agency_pos,power_agent
hound,agency_pos,power_agent
bin,agency_pos,power_agent
fluctuate,agency_equal,nan
relapsed.!&lt,agency_neg,nan
tiraram,agency_pos,nan (intransitive)
recoverd,agency_pos,power_theme
exercice,agency_pos,nan
chicken,agency_pos,power_theme
renovate,agency_pos,power_agent
know-,agency_pos,power_equal
flat,agency_pos,power_agent
dislocate,agency_pos,power_theme
expieriencing,agency_pos,nan
offset,agency_pos,power_theme
scare,agency_pos,power_agent
relate/,agency_pos,power_theme
reproduce,agency_pos,power_theme
fess,agency_pos,nan
indoctrinate,agency_pos,power_agent
shun,agency_pos,power_theme
zone,agency_pos,power_equal
derail,agency_pos,power_agent
author,agency_pos,power_agent
uproot,agency_pos,power_agent
\*had\,agency_pos,nan
milk,agency_pos,power_agent
slack,agency_neg,nan
brew,agency_pos,power_agent
coffee,agency_pos,power_agent
spice,agency_pos,power_theme
withstand,agency_pos,power_equal
spit,agency_pos,power_agent
interact,agency_pos,power_equal
curb,agency_pos,power_agent
bodycheck,agency_pos,power_theme
delve,agency_pos,power_agent
unfreeze,agency_pos,power_agent
fatshaming,agency_pos,power_agent
generalize,agency_pos,power_agent
knuckle,agency_pos,power_agent
cosplay,agency_pos,nan
harbor,agency_pos,power_theme
resurface,agency_pos,nan
inflame,agency_pos,power_agent
mortify,agency_pos,power_agent
idealize,agency_pos,power_theme
hype,agency_pos,power_theme
empower,agency_pos,power_theme
appease,agency_pos,power_theme
ritualize,agency_pos,power_theme
fault,agency_pos,power_theme
replenish,agency_pos,power_agent
subscribe,agency_pos,power_equal
oppress,agency_pos,power_theme
bolused,agency_pos,power_theme
dm,agency_pos,power_agent
sympathize,agency_pos,power_theme
shine,agency_pos,power_agent
peak,agency_pos,power_theme
utilize,agency_pos,power_agent
chastise,agency_pos,power_agent
preffered,agency_pos,power_equal
distress,agency_pos,power_theme
outpace,agency_pos,power_agent
fantasise,agency_pos,nan
thinner,agency_pos,power_agent
maskfishing,agency_neg,nan
overthink,agency_pos,power_agent
flit,agency_pos,nan
pleasuring,agency_pos,power_theme
suit,agency_pos,power_agent
disinfect,agency_pos,power_agent
homeschool,agency_pos,nan
chickening,agency_neg,nan
sick,agency_neg,nan
\-cutting,agency_pos,power_theme
thirsty,agency_neg,nan
video,agency_pos,power_agent
revisit,agency_pos,power_agent
screenshot,agency_pos,power_agent
relativize,agency_pos,power_agent
outfit,agency_pos,power_agent
stagnate,agency_neg,power_agent
kickstarted,agency_pos,power_agent
befriend,agency_pos,power_agent
blindside,agency_neg,power_agent
predispose,agency_pos,power_theme
redownloaded,agency_pos,power_agent
reconnected,agency_pos,power_agent
doordashed,agency_pos,nan
wean,agency_pos,power_agent
overestimate,agency_pos,power_equal
belittle,agency_pos,power_agent
piece,agency_pos,power_agent
powerlift,agency_pos,power_agent
plateauing,agency_equal,nan
input,agency_pos,power_theme
invalidate,agency_pos,power_agent
babysitting,agency_pos,nan
uninstalled,agency_pos,power_agent
normalize,agency_pos,power_equal
modding,agency_pos,power_agent
lipped,agency_pos,power_agent
dm'd,agency_pos,power_theme
resricting,agency_pos,power_agent
parse,agency_pos,power_theme
feast,agency_pos,power_agent
thirst,agency_pos,nan
differ,agency_pos,nan
prepped,agency_pos,power_agent
rewatching,agency_pos,nan
bridge,agency_pos,power_agent
log,agency_pos,power_agent
troubleshoot,agency_pos,power_agent
lockdown,agency_pos,power_agent
housesitting,agency_pos,nan
destabilize,agency_pos,power_agent
percieved,agency_pos,power_theme
evoke,agency_pos,power_theme
bulk,agency_pos,power_theme
empathise,agency_pos,nan
flaunt,agency_pos,power_theme
dissocate,agency_pos,power_agent
sadden,agency_pos,power_theme
chickened,agency_neg,nan
bodybuilding,agency_pos,power_agent
incentivised,agency_pos,power_theme
nourish,agency_pos,power_agent
videoing,agency_pos,nan
lament,agency_pos,nan
devolve,agency_pos,power_theme
plug,agency_pos,power_agent
pressure,agency_pos,power_agent
replicate,agency_pos,power_theme
combat,agency_pos,power_agent
formulate,agency_pos,power_agent
hangout,agency_pos,nan
\-eating,agency_pos,nan
crave,agency_pos,power_theme
party,agency_pos,nan
service,agency_pos,power_theme
coach,agency_pos,power_theme
colour,agency_pos,power_equal
soldier,agency_pos,power_agent
download,agency_pos,power_theme
resubmit,agency_pos,power_equal
wanna,agency_pos,nan
~managing,agency_pos,power_agent
snack,agency_pos,nan
addict,agency_pos,power_agent
guilting,agency_pos,nan
texting,agency_pos,power_agent
attain,agency_pos,power_theme
pester,agency_pos,power_theme
skimp,agency_pos,power_agent
tweet,agency_pos,power_agent
flavour,agency_pos,power_theme
unsubbed,agency_pos,nan
atrophy,agency_neg,nan
harrass,agency_pos,power_agent
scavenge,agency_pos,nan
weighs&gt,agency_equal,nan
spare,agency_pos,power_agent
wafer,agency_pos,power_agent
ridicule,agency_pos,power_agent
belong,agency_equal,power_theme
subsist,agency_equal,power_theme
unfollowed,agency_pos,power_agent
undereating,agency_pos,nan
excercise,agency_pos,power_agent
augment,agency_pos,power_agent
halve,agency_pos,power_agent
apologise,agency_pos,power_theme
overeat,agency_pos,power_theme
vacuum,agency_pos,power_theme
research,agency_pos,power_equal
demonise,agency_pos,power_agent
kickstart,agency_pos,power_agent
sore,agency_neg,nan
toughen,agency_pos,power_equal
resit,agency_pos,power_agent
spoked,agency_pos,power_theme
reprocess,agency_pos,power_equal
ramp,agency_pos,power_agent
loathe,agency_pos,power_equal
proof,agency_pos,power_agent
famish,agency_pos,power_theme
deteriorate,agency_pos,power_agent
checkout,agency_pos,nan
spitballing,agency_pos,nan
fell,agency_pos,nan
prone,agency_equal,nan
infiltrate,agency_pos,power_agent
fived,agency_pos,power_agent
bout,agency_pos,power_theme
nut,agency_pos,power_agent
cue,agency_pos,power_theme
captain,agency_pos,power_agent
censor,agency_pos,power_agent
warp,agency_pos,power_agent
rebel,agency_pos,power_agent
sharp,agency_pos,power_theme
dye,agency_pos,power_agent
flunk,agency_neg,power_theme
restock,agency_pos,power_agent
market,agency_pos,power_agent
detox,agency_pos,power_agent
bully,agency_pos,power_agent
backfire,agency_neg,nan
recovered.-,agency_pos,power_theme
cope,agency_pos,power_agent
rival,agency_pos,power_agent
plateaued,agency_equal,nan
maximize,agency_pos,power_agent
madden,agency_pos,power_theme
equalize,agency_pos,power_equal
chide,agency_pos,power_agent
motion,agency_pos,power_agent
noise,agency_pos,power_equal
putter,agency_pos,power_agent
overmedicating,agency_pos,nan
perpetuate,agency_pos,power_theme
journal,agency_pos,power_agent
subtract,agency_pos,power_agent
liberate,agency_pos,power_theme
contextualize,agency_pos,power_agent
journaling,agency_pos,nan
wing,agency_pos,power_theme
wrangle,agency_pos,power_agent
screenshotted,agency_pos,power_agent
fund,agency_pos,power_agent
squirrelling,agency_pos,nan
hijack,agency_pos,power_agent
overeaten,agency_pos,nan
plateu,agency_equal,nan
equate,agency_equal,power_equal
section,agency_pos,power_agent
portion,agency_pos,power_agent
paraphrase,agency_pos,power_theme
inquire,agency_pos,power_theme
game,agency_pos,power_agent
harrassed,agency_neg,nan
outrun,agency_pos,power_agent
dish,agency_pos,power_agent
specialize,agency_pos,power_agent
backslide,agency_neg,nan
giver,agency_pos,power_theme
bodychecking,agency_pos,power_theme
disassociate,agency_pos,power_agent
abort,agency_pos,power_agent
snowball,agency_pos,power_agent
endeavor,agency_pos,power_theme
carb,agency_pos,power_agent
redistribute,agency_pos,power_theme
laze,agency_neg,nan
liken,agency_pos,power_theme
playfighting,agency_pos,nan
funnel,agency_pos,power_theme
strech,agency_pos,power_theme
controle,agency_pos,power_agent
sleepin,agency_pos,nan
trend,agency_equal,nan
refeed,agency_pos,power_theme
entice,agency_pos,power_theme
balloon,agency_pos,nan
placate,agency_pos,power_theme
upload,agency_pos,power_theme
tunnel,agency_pos,power_agent
rice,agency_pos,power_agent
turnt,agency_pos,nan
mate,agency_pos,power_theme
point,agency_pos,power_theme
phrase,agency_pos,power_agent
wax,agency_pos,power_agent
unfollowing,agency_pos,power_theme
bender,agency_pos,power_agent
collaps,agency_pos,power_agent
demean,agency_pos,power_theme
backtrack,agency_neg,nan
percieve,agency_pos,power_equal
/know/,agency_pos,power_equal
obligate,agency_pos,power_theme
texts,agency_pos,power_agent
generalise,agency_pos,power_agent
burnout,agency_equal,nan
correlate,agency_equal,power_equal
snapchatting,agency_pos,nan
out,agency_pos,power_agent
tube,agency_pos,power_agent
refound,agency_pos,power_agent
exclaim,agency_pos,nan
frick,agency_pos,power_agent
excersize,agency_pos,nan
stablise,agency_pos,power_agent
retort,agency_neg,power_agent
hangouts,agency_pos,nan
wakeup,agency_pos,nan
sabotage,agency_pos,power_agent
prep,agency_pos,power_agent
pride,agency_pos,power_agent
bargain,agency_pos,power_agent
dehydrate,agency_pos,power_agent
reframe,agency_pos,power_agent
sample,agency_pos,power_theme
condone,agency_pos,power_equal
reconnect,agency_pos,power_agent
tiktok,agency_pos,nan
repurchase,agency_pos,power_theme
breath,agency_equal,nan
ashame,agency_neg,nan
preface,agency_pos,power_equal
cling,agency_pos,power_agent
hydrate,agency_pos,power_theme
egg,agency_pos,power_agent
incase,agency_pos,power_agent
monetize,agency_pos,power_agent
pertain,agency_pos,power_theme
reschedule,agency_pos,power_agent
enrol,agency_pos,power_agent
mature,agency_pos,power_agent
recomp,agency_pos,nan
rethink,agency_pos,power_agent
reside,agency_pos,power_theme
tank,agency_pos,power_agent
guess-,agency_pos,nan
bribe,agency_pos,power_theme
swoon,agency_neg,nan
jeopardize,agency_pos,power_theme
critique,agency_pos,power_agent
conflict,agency_pos,nan
need-,agency_pos,power_theme
tablet,agency_pos,power_theme
furlough,agency_pos,power_agent
knead,agency_pos,power_agent
orgasmed,agency_pos,nan
cherish,agency_pos,power_theme
guilty,agency_neg,nan
terrorize,agency_pos,power_agent
amplify,agency_pos,power_theme
experiancing,agency_pos,nan
craft,agency_pos,power_agent
goof,agency_pos,nan
immigrate,agency_pos,nan
constipate,agency_pos,power_theme
calulating,agency_pos,nan
lookit,agency_pos,nan
poop,agency_pos,nan
transition,agency_pos,power_theme
dull,agency_pos,power_agent
cloister,agency_pos,power_agent
reflux,agency_pos,nan
adulting,agency_pos,nan
overdraw,agency_pos,power_agent
fatshamed,agency_pos,power_theme
hypothesise,agency_pos,power_agent
enmesh,agency_pos,power_equal
fester,agency_neg,nan
feminize,agency_pos,power_theme
squish,agency_pos,power_theme
rupture,agency_pos,power_agent
rewire,agency_pos,power_agent
trivialize,agency_pos,power_agent
requries,agency_neg,nan
sideline,agency_pos,power_agent
devoid,agency_neg,nan
volume,agency_pos,power_theme
deliberate,agency_pos,nan
nauseate,agency_pos,power_theme
couple,agency_pos,power_equal
criticise,agency_pos,power_agent
reposts,agency_pos,power_agent
metabolize,agency_pos,power_agent
reread,agency_equal,power_agent
apreciate,agency_pos,power_theme
reassess,agency_pos,power_equal
badmouth,agency_pos,power_theme
lather,agency_pos,power_agent
align,agency_pos,power_agent
tick,agency_pos,power_theme
inundate,agency_pos,power_agent
decimate,agency_pos,power_agent
adress,agency_pos,power_agent
do-,agency_pos,power_equal
prioritise,agency_pos,power_agent
broach,agency_pos,power_theme
glorify,agency_pos,power_theme
master,agency_pos,power_agent
brag,agency_pos,power_agent
hallucinate,agency_pos,nan
orbit,agency_pos,power_agent
gaslighting,agency_pos,power_agent
bookmarked,agency_pos,power_agent
incline,agency_pos,power_theme
dint,agency_pos,power_agent
babysit,agency_pos,power_theme
demonize,agency_pos,power_theme
decouple,agency_pos,power_agent
grain,agency_pos,power_agent
pique,agency_pos,power_agent
rediscover,agency_pos,power_agent
fish,agency_pos,nan
procrastinate,agency_pos,nan
hint,agency_pos,power_theme
bum,agency_pos,power_theme
comensate,agency_pos,power_theme
refrain,agency_pos,nan
dislike,agency_pos,power_theme
excercises,agency_pos,nan
tamp,agency_pos,power_agent
puree,agency_pos,power_agent
forego,agency_pos,power_agent
notice-,agency_pos,power_theme
psyched,agency_pos,power_agent
malnourish,agency_pos,power_theme
map,agency_pos,power_theme
chow,agency_pos,power_agent
spite,agency_neg,power_theme
consolidate,agency_pos,power_agent
google,agency_pos,power_agent
suicide,agency_pos,nan
therapizing,agency_pos,power_theme
spank,agency_pos,power_agent
intake,agency_pos,power_agent
season,agency_pos,power_agent
"said,no",agency_pos,nan
rebound,agency_pos,power_theme
recalibrate,agency_pos,power_agent
nurture,agency_pos,power_agent
reduction,agency_equal,nan
gaslight,agency_pos,power_agent
lye,agency_pos,power_agent
expire,agency_neg,nan
cramp,agency_neg,nan
googgled,agency_pos,power_agent
menstruate,agency_equal,nan
farewell,agency_pos,power_theme
jeapordize,agency_pos,power_theme
delt,agency_pos,nan
recreate,agency_pos,power_agent
boycott,agency_pos,power_agent
reddit,agency_pos,nan
triple,agency_pos,power_agent
gull,agency_pos,power_theme
brine,agency_pos,power_agent
jeopardise,agency_pos,power_theme
bond,agency_pos,power_equal
enlighten,agency_pos,power_agent
spawn,agency_pos,power_theme
incapacitate,agency_pos,power_agent
sed,agency_pos,power_agent
equalise,agency_pos,power_equal
unsee,agency_neg,power_theme
circuit,agency_pos,power_equal
mess,agency_pos,power_theme
guilttripping,agency_pos,power_theme
facetimed,agency_pos,power_agent
axe,agency_pos,power_agent
dam,agency_pos,power_agent
doin,agency_pos,nan
nap,agency_neg,nan
off,agency_pos,power_agent
had/,agency_pos,nan
intertwine,agency_pos,power_equal
cosplaying,agency_pos,nan
debilitate,agency_pos,power_agent
havent,agency_neg,nan
endulge,agency_pos,nan
boarder,agency_neg,power_equal
despair,agency_equal,power_equal
luv,agency_pos,power_equal
model,agency_pos,power_agent
rewatched,agency_pos,power_equal
chowing,agency_pos,nan
prey,agency_pos,power_theme
triangulate,agency_pos,power_agent
malfunction,agency_pos,nan
sugarcoat,agency_pos,power_agent
overanalyze,agency_pos,power_theme
compliment,agency_pos,power_theme
f*cking,agency_pos,nan
sanction,agency_pos,power_agent
disable,agency_pos,power_agent
retell,agency_pos,power_agent
screw,agency_pos,power_theme
neutralize,agency_pos,power_agent
gorge,agency_pos,power_theme
sooth,agency_pos,power_theme
analyse,agency_neg,power_equal
inhibit,agency_pos,power_agent
remark,agency_pos,power_equal
discontinue,agency_pos,power_agent
realign,agency_pos,power_agent
curtail,agency_pos,power_agent
counteract,agency_pos,power_agent
regress,agency_neg,nan
regroup,agency_pos,power_agent
outweigh,agency_pos,power_agent
enlarge,agency_pos,power_agent
shelve,agency_pos,power_agent
elate,agency_equal,power_agent
redefine,agency_pos,power_agent
evaporate,agency_pos,power_agent
overexert,agency_pos,nan
lengthen,agency_pos,power_agent
minus,agency_pos,power_theme
relate,agency_pos,power_theme
deduce,agency_pos,power_equal
reintegrate,agency_pos,power_agent
quell,agency_pos,power_agent
recalculate,agency_pos,power_equal
bartending,agency_pos,nan
amaze,agency_pos,power_agent
gift,agency_pos,power_theme
collaging,agency_pos,nan
journaled,agency_pos,nan
hoard,agency_pos,power_agent
meddle,agency_pos,power_theme
sub,agency_pos,power_agent
paralyse,agency_pos,power_agent
agitate,agency_pos,power_theme
cement,agency_pos,power_agent
talking-,agency_pos,nan
rib,agency_pos,power_agent
opt,agency_pos,power_agent
deductible,nan,nan
doordashing,agency_pos,nan
override,agency_pos,power_agent
rationalize,agency_pos,power_agent
pattern,agency_pos,power_agent
nip,agency_pos,power_agent
hate,agency_pos,power_theme
guesstimate,agency_pos,power_agent
slag,agency_pos,power_agent
summarize,agency_pos,power_theme
comp,agency_pos,power_theme
default,agency_neg,nan
reign,agency_pos,power_agent
dishonor,agency_pos,power_agent
spinnings,agency_equal,nan
recieved,agency_pos,power_theme
happed,agency_equal,nan
fetishise,agency_pos,power_theme
unlive,agency_neg,nan
capsule,agency_pos,power_agent
overreact,agency_pos,power_agent
summarise,agency_pos,power_agent
rewatch,agency_pos,power_agent
medicate,agency_pos,power_agent
infantilizing,agency_neg,power_theme
validate,agency_pos,power_theme
rationalise,agency_pos,power_agent
fat,agency_pos,power_agent
badger,agency_pos,power_theme
entail,agency_equal,power_equal
redirect,agency_pos,power_agent
irk,agency_pos,power_agent
archive,agency_pos,power_equal
scold,agency_pos,power_agent
plot,agency_pos,power_agent
vilify,agency_pos,power_theme
regurgitate,agency_pos,power_agent
purged-,agency_pos,power_agent
rebalance,agency_pos,power_agent
chance,agency_pos,power_theme
feint,agency_pos,power_agent
reoccurred,agency_equal,nan
itch,agency_neg,nan
faceplanted,agency_pos,nan
finalize,agency_pos,power_agent
weened,agency_pos,power_theme
flairs,agency_pos,nan
eat-,agency_pos,power_theme
panick,agency_pos,nan
bitch,agency_pos,power_theme
eke,agency_pos,power_agent
channel,agency_pos,power_agent
texted,agency_pos,power_theme
undereat,agency_pos,nan
trek,agency_pos,power_equal
certify,agency_pos,power_equal
upchuck,agency_pos,nan
seep,agency_equal,power_theme
v*mited,agency_neg,nan
f*sting,agency_pos,nan
f*ck,agency_pos,power_agent
fvcking,agency_pos,power_agent
fck,agency_pos,power_agent
fuckin,agency_pos,power_agent
fuckign,agency_pos,power_agent
sais,agency_pos,power_equal
goin,nan,power_equal
waisting,agency_equal,power_agent
gained.!&lt,agency_pos,power_agent
