,subreddit,selftext,author_fullname,title,score,link_flair_css_class,link_flair_text,author_flair_type,over_18,author_flair_text,subreddit_id,id,is_self,author,author_flair_css_class,permalink,url,created_utc,num_words,narrative_positive,narrative_negative,narrative_uncertain,narrative_label,predicted_narrative_label,factors_0,effect_type_0,effect_details_0,factors_1,effect_type_1,effect_details_1,factors_2,effect_type_2,effect_details_2
0,EatingDisorders,"23 F. I just started treatment for an eating disorder of 4+ years and I feel really down on myself. I am basically on a liquid diet and it makes ""nutritional value"" a lot easier, considering the small snacks I was eating before had no real value in them. the problem is since i started drinking the ""boost"" drinks my therapist recommended, ive been loosing weight. this is scary because i don't really have much weight to loose, and I feel really freaked out because im trying to gain weight and get better, and i feel full after drinking 2 of them a day. i dont know what to do and i feel like my life is spinning out of control. I want to get better and I want to be healthy but I feel like im going in the wrong direction. Does anyone have any advice for what to do? I'm in my last semester of college and I don't really have time for inpatient. im sorry if this is triggering im really scared and i want to get better and i really just want to be okay and healthy.",,I need moral support,1,,seeking support,,,,t5_2qpcj,10poqxu,1,GullibleCup27,,/r/EatingDisorders/comments/10poqxu/i_need_moral_support/,https://www.reddit.com/r/EatingDisorders/comments/10poqxu/i_need_moral_support/,1675140001,191,0,0,0,-1,1,Starting a liquid diet recommended by therapist,harmful,"['Losing weight despite trying to gain weight and get better', 'Feeling scared and like life is spinning out of control']","Starting treatment for an eating disorder, switching to a liquid diet",harmful,"['Losing weight despite attempting to gain weight and get better', 'Feeling scared and like life is spinning out of control']",Starting a liquid diet as part of treatment,harmful,"['Experiencing unintended weight loss despite efforts to gain weight and get better', 'Feeling scared and out of control']"
1,EatingDisorders,"I 26 f told the truth for the first time about my eating disorder to my boyfriend. We've been together for almost 7 years now. I've been bulimic since I was a child. The first time i purge was around when i was 12. I've been dealing with this alone my whole life. You know how it is, my ed consume my life in so many ways. Lately it's been particularly difficult, I don't have a nice life for many reasons that I'm not gonna explain here, because even though this is anonymous I'm not ready to talk about it. 
I find extremely difficult to talk about my problems, I usually bottles up everything. 
I didn't eat for the last 3 days. I've quit smoking 2.5 years ago and today smoked 6 cigarettes. Half an hour ago I was with my boyfriend and, I don't know fucking why I told him everything. I guess bc I need someone to cares, I would like to someone give a crap about what happens to me. I talk for about 10 minutes, trying to explain it and how i think i need help, and then i noticed he fell sleep while I was talking. 
I can't go to therapy, I'm unemployed. I really can't count with my family or the few friends I have.
This... I don't know. I want to give up on everything. I don't need advice, I know I need to seek help, but like I've explained, isn't possible, believe me. 
I don't care about me and clearly no one cares about me either. I don't know why I keep trying everyday. ,",,Opening up about my ed,1,,seeking support,,,,t5_2qpcj,10pnoxo,1,mistinthrowaway,,/r/EatingDisorders/comments/10pnoxo/opening_up_about_my_ed/,https://www.reddit.com/r/EatingDisorders/comments/10pnoxo/opening_up_about_my_ed/,1675137504,273,0,0,0,-1,1,Opening up to her boyfriend about her eating disorder,harmful,"['Feeling alone and unsupported in dealing with her eating disorder', 'Unable to seek therapy due to unemployment and lack of support from family and friends', 'Feeling like giving up on everything']","Bulimia, lack of emotional support",harmful,"['The writer has been struggling with bulimia since childhood and has been dealing with it alone', 'Difficulty talking about problems and bottling up emotions', 'Feeling like no one cares about them and wanting to give up']",Telling the truth about her eating disorder to her boyfriend,harmful,"['The writer feels alone and unsupported in dealing with her eating disorder', 'Boyfriend fell asleep while she was talking about her struggles', 'Unemployment and lack of access to therapy make it difficult for the writer to seek help']"
2,EatingDisorders,"Idk who to talk to about this so I resort to reddit.

I have been struggling a lot. I went to a party this weekend I threw up as soon as I had drank or ate anything. I threw up three times that night. It wasn't from the alcohol. I think my habits have just been destroying my stomach. I go through periods where I feel like can't stop eating and then a flip will switch and I can't even think about eating without feeling disgusting and nauseous. My stomach has hurt a lot more frequently and I get constant dizzy spells. I can't even think about getting dinner without crying. I also think that one of my friends are basically bragging about their eating disorder and it's triggering me to be worse.",,Just ranting ig,1,,,,,,t5_2qpcj,10pjinj,1,tomato_bean876,,/r/EatingDisorders/comments/10pjinj/just_ranting_ig/,https://www.reddit.com/r/EatingDisorders/comments/10pjinj/just_ranting_ig/,1675126245,133,0,0,0,-1,1,Bragging friend,harmful,"['Experiencing physical and emotional symptoms related to their eating disorder, including stomach pain, nausea, and dizziness.', 'Friends bragging is triggering their own eating disorder of binge eating']",Bragging by a friend about their eating disorder,harmful,"['Experiencing physical and emotional symptoms related to their eating disorder, including stomach pain, nausea, and dizziness', ""Feeling triggered by their friend's behavior""]","Bragging friend, vomiting after eating, periods of binge eating and restriction, frequent stomach pain, nausea, and dizziness",harmful,"['Experiencing physical and emotional symptoms related to their eating disorder, including stomach pain, nausea, and dizziness', 'Friends bragging is triggering their own eating disorder of binge eating and vomiting']"
3,EatingDisorders,"I don‚Äôt know where to start.. Due to my upbringing, my eating disorder was inevitable. It‚Äôs been almost 6 years of constant torture, but dieting and tummy pinching go way back into my childhood.

I just don‚Äôt feel like I will ever recover. There are times I LOVE my disorder and will not stop no matter what happens to me. But then there are times like this, where I just feel numb. The numbers drop yet I don‚Äôt feel anything. My mind feels constantly tormented by food 24/7, although the only time I feel calm is when I‚Äôm empty.

So I just want to know if true recovery is even possible? Or will the rest of my life feel like a constant battle.. it‚Äôs feels like the latter the longer this continues.",,Is true recovery possible?,1,,seeking support,,,,t5_2qpcj,10pj90n,1,Clikrean,,/r/EatingDisorders/comments/10pj90n/is_true_recovery_possible/,https://www.reddit.com/r/EatingDisorders/comments/10pj90n/is_true_recovery_possible/,1675125516,132,0,0,0,-1,1,Upbringing that contributed to the development of the eating disorder,unknown,"['Feeling numb and tormented by thoughts of food', 'Struggling with feelings of ambivalence towards recovery']","Upbringing that contributed to the development of the eating disorder, constant thoughts about food and body image",,"['Experiences ambivalence about recovery, sometimes loving the disorder and sometimes feeling numb', 'Feeling tormented by food and only feeling calm when empty']",Upbringing including dieting and tummy pinching,harmful,"['Experiencing a constant battle with their eating disorder for almost 6 years', 'Feeling numb despite seeing the numbers drop', 'Feeling tormented by food 24/7']"
4,EatingDisorders,"i abused laxatives/purging/starving and now every single time i eat i will get the hiccups, this can be anywhere from 2 minutes to 7 whole hours. its making recovery SO hard. the involuntary movements hurt my ribcage, it feels like i‚Äôm being punished for eating. i did it to myself. recovery feels useless now. pls don‚Äôt get to the point i‚Äôm at because you will regret it and think back at every day of your life when you didn‚Äôt have this. i can‚Äôt play guitar properly anymore if i eat bc i will constantly hiccup against my guitar, my hiccups move my whole chest. it makes any form of exercise hard. people who don‚Äôt know my hiccups are chronic laugh when i get them and try to scare them away as a joke etc. this is not the life you want to live. this is both a vent and a warning post. any supportive messages are welcome i‚Äôm going through a really rough time so please keep anything nasty to yourself",,i get ‚Äúchronic‚Äù hiccups due to bulimia (take this as a warning),1,,,,,,t5_2qpcj,10perl4,1,glitterkittygirl,,/r/EatingDisorders/comments/10perl4/i_get_chronic_hiccups_due_to_bulimia_take_this_as/,https://www.reddit.com/r/EatingDisorders/comments/10perl4/i_get_chronic_hiccups_due_to_bulimia_take_this_as/,1675114462,171,0,0,0,-1,1,"Abusing laxatives, purging, and starving",harmful,"['Developed chronic hiccups after eating, which causes pain and makes recovery difficult', 'Difficulty playing guitar and exercising due to the constant hiccups', 'Feeling punished for eating and feeling like recovery is useless']","Abusing laxatives, purging, and starving",harmful,"['Developed chronic hiccups after eating, which causes pain and makes recovery difficult', 'Difficulty playing guitar and exercising due to the constant hiccups', 'Feeling punished for eating and feeling like recovery is useless']","Abusing laxatives, purging, and starving",harmful,"['Developed chronic hiccups after eating, which causes pain and makes recovery difficult', 'Difficulty playing guitar and exercising due to the constant hiccups', 'Feeling punished for eating and feeling like recovery is useless']"
5,EatingDisorders,"So i (f21) had an ed for 3 years (anorexia and bulimia) and been recovering for 4. In my class, there is this girl who is clearly very anorexic. I can see all of her behaviours (not ever sitting down, perfectionism, never eating lunch or anything, exercising VERY excessively for multiple hours every single day, being very underweight, bragging about only eating vegetables, being clearly very insecure but needing a lot of attention, hair loss, brittle finger nails.... the list goes on). She does all of those things VERY obviously and sometimes comments on them (starts listing all of her workouts loudly, or speaks about how 'nobody likes her anyways') and shes literally screaming for attention.

Its triggering me, but at the same time i want to help and dont know how, and its clearly none of my business though. Today i talked to another girl about my ed past, and she said she had an ed too and we spoke about losing our periods. The anorexic girl sometimes just threw words into our conversations (she was working next to us while we talked), and all of a sudden she said ""i havent had mine in 6 years"" and smiled. At that moment i felt a panic attack setting in. I recovered all on my own and told almost no one, and every time i talk about it, i get anxiety and panic attacks. Could this be because i am triggered, or because it holds a lot of trauma that needs to be processed? If so, how? Does crying about it make it better or does it Trigger my ed thoughts and depression? And should i try to help her, and if so how?",,How to deal with other Peoples' EDs triggering you?,1,,seeking support,,,,t5_2qpcj,10pcdsp,1,enlightened_bobby,,/r/EatingDisorders/comments/10pcdsp/how_to_deal_with_other_peoples_eds_triggering_you/,https://www.reddit.com/r/EatingDisorders/comments/10pcdsp/how_to_deal_with_other_peoples_eds_triggering_you/,1675108876,284,0,0,0,-1,1,"Triggering behavior from a classmate with anorexia, discussing past eating disorder with others",harmful,"['Experiencing panic attacks and anxiety when discussing past eating disorder', 'Feeling unsure about how to help the classmate with anorexia', 'Questioning whether crying about past trauma will help or trigger ED thoughts and depression']","Seeing a classmate with anorexia triggering the writer, discussing their own past ED experiences with a friend triggered a panic attack",harmful,"['Experiencing anxiety and panic attacks when discussing their past ED experiences', 'Feeling triggered and unsure how to help the classmate with anorexia']",Being triggered by a classmate who is exhibiting signs of an eating disorder,harmful,"['Experiencing anxiety and panic attacks when discussing her own eating disorder past', 'Feeling unsure about whether to try to help the classmate and how to do so']"
6,EatingDisorders,hi everyone. this is my first time posting on this thread but i really don't know where else to ask for help. i have been struggling with binge-restrict cycles for the past few years but recently i kind of stopped binging and have fallen really badly into restriction. i feel so terrible all the time and want to stop but i can't. i  lost my period for the first time this month. i'm really scared and don't know what to do. i want to have kids one day and i dont want to be infertile but i truly just cannot stop. please help,,lost my period and don't know how to tell anyone,1,,,,,,t5_2qpcj,10p8fd4,1,meadowlark64,,/r/EatingDisorders/comments/10p8fd4/lost_my_period_and_dont_know_how_to_tell_anyone/,https://www.reddit.com/r/EatingDisorders/comments/10p8fd4/lost_my_period_and_dont_know_how_to_tell_anyone/,1675099527,103,0,0,0,-1,1,"Binge-restrict cycles leading to severe restriction, loss of period",harmful,"['Writer is experiencing physical and emotional symptoms related to their eating disorder, including loss of period and fear of infertility', 'Expressing a desire to stop but struggling to do so']",Struggling with binge-restrict cycles,harmful,"['Stopped binging and fallen badly into restriction', 'Lost period for the first time this month', 'Feeling terrible all the time', 'Fear of infertility']",Restriction and loss of period,harmful,"['Loss of period, indicating serious health consequences', 'Fear of infertility and inability to have children in the future']"
7,EatingDisorders,"My mother is a complete narcissist and after I moved, I lost a lot of weight from trying to survive and feed myself while maintaining a pescatarian diet. I have body dysmorphia so I can‚Äôt really see the weight loss myself but people constantly comment/congratulate me on it. My mom has been obese her entire life and not done one fucking thing about it and then after witnessing me ‚Äúlose weight‚Äù she decides to get gastric bypass. Now please don‚Äôt think that I‚Äôm against her decision to get the surgery that‚Äôs her own business. The problem lies in that she TALKS ABOUT it constantly! When I visited over the holidays she made me and my youngest sister watch her try on her old clothes and validate if they ‚Äòfit‚Äô her or not anymore. If we talk on the phone she ALWAYS casually mentions that‚Äôs she‚Äôs down to a size 16 or a size 12. I honestly cannot take it! My youngest siblings are 16 years old and both have ADHD/Autism and I fear that they will develop poor body image much like I did due to my mother‚Äôs actions! Any advice is much appreciated &lt;3",,Narcissist mother has gastric bypass and constantly rubs it in my face abt HER weight loss,1,,,,,,t5_2qpcj,10p35en,1,Competitive-Sell-495,,/r/EatingDisorders/comments/10p35en/narcissist_mother_has_gastric_bypass_and/,https://www.reddit.com/r/EatingDisorders/comments/10p35en/narcissist_mother_has_gastric_bypass_and/,1675087326,195,0,0,0,-1,1,Negative influence from mother who constantly talks about her weight and body size,harmful,"['Feeling triggered and uncomfortable from mother constantly talking about her weight loss after getting gastric bypass surgery', ""Concern for younger siblings developing poor body image due to mother's actions""]",Negative comments and validation from mother about weight loss and gastric bypass surgery,harmful,"['Mother constantly talks about her weight and weight loss surgery, making the writer uncomfortable and triggering their body dysmorphia', ""Writer fears that their younger siblings will develop poor body image due to their mother's actions""]",Negative comments from mother about her own weight loss surgery and constant talk about her own size,harmful,"['Upsetting and triggering for the writer who has body dysmorphia and has lost weight', 'Fear that younger siblings will develop poor body image']"
8,EatingDisorders,"alright, so, well i dont know how to phrase this well, but my girlfriend has been going through a tough time recently with a vv big relapse on her ED recovery journey, and its quite apparent that she finds it hard to recover again. she seems quite drained and tired from all of that, and she does not want to talk to a counsellor about it as she is afraid her parents would be informed. ive been trying my best to emotionally support her, just watch out for her and stuff like that! i encourage her to eat, but i dont force! same for recovery and all that... its quite emotionally draining for me too, but i can cope with that alright! so that is alright on my end... i just would like to know from all of you here, what motivated you to recover? how can a loved one best support someone suffering from an ED? what is something you wish someone would say or do when you are in recovery?",,Helping out my girlfriend!!,1,one,question,,,,t5_2qpcj,10p0lq5,1,Dr_Keter3930,,/r/EatingDisorders/comments/10p0lq5/helping_out_my_girlfriend/,https://www.reddit.com/r/EatingDisorders/comments/10p0lq5/helping_out_my_girlfriend/,1675081308,172,0,0,1,-1,1,Emotional support from their partner,neutral,"Boyfriend is posting about girlfriend's eating disorder and saying that he is supporting her, but it is not obvious what the effect of his support has on on his girlfriend",Emotional support from their partner,neutral,"Boyfriend is posting about girlfriend's eating disorder and saying that he is supporting her, but it is not obvious what the effect of his support has on on his girlfriend",Emotional support from their partner,neutral,"Boyfriend is posting about girlfriend's eating disorder and saying that he is supporting her, but it is not obvious what the effect of his support has on his girlfriend"
9,EatingDisorders,"Hi, I\`ve been with my boyfriend for 4 years and he has always struggled with eating to some degree since we have known each other. Since he has moved away from home it has become much worse since no one is making sure he eats enough. A few days ago he had a really bad episode involving severe under-eating and severe over-exercising. I'm glad he trusted me enough to tell me, and told me he wouldn't go to such a extreme again, and go back to his still unhealthy way of eating. He has become very bony lately and seeing him like this makes me want to cry. I have told him my worries several times and he dismisses me, saying he just wants to become fit. In the past he would tell me everyday how overweight he was even though he was, and still is, underweight. 

Could anyone please give me some advice on helping him realize he needs help, and how I can be supportive in his recovery? What things should or shouldn't I say?",,How can I help my boyfriend realize that he has an eating disorder?,1,,,,,,t5_2qpcj,10oylw6,1,DismalBass7241,,/r/EatingDisorders/comments/10oylw6/how_can_i_help_my_boyfriend_realize_that_he_has/,https://www.reddit.com/r/EatingDisorders/comments/10oylw6/how_can_i_help_my_boyfriend_realize_that_he_has/,1675074103,177,0,0,0,-1,1,Unhealthy eating habits and over-exercising,harmful,"[""The boyfriend has become severely underweight and is dismissive of the girlfriend's concerns"", 'The girlfriend is worried and seeking advice on how to help her boyfriend realize he needs help and how to be supportive in his recovery']","Boyfriend struggling with under-eating and over-exercising, girlfriend wanting to help him",unknown,No specific effect details mentioned,"Boyfriend has severe under-eating and over-exercising, dismisses concerns about his weight, girlfriend is concerned and seeking advice on how to help him",unknown,"Girlfriend is seeking advice on how to best support her boyfriend and help him realize he needs help, it is not clear what impact her support has on his eating disorder"
10,EatingDisorders,"I have a girlfriend who‚Äôs recovering. She had a baby last year and per her mom, it really bothers her if people call her baby chunky or chubby or comment on baby‚Äôs fat leg rolls. Also she took like one photo of herself while pregnant. 
Now I‚Äôm not in the ED community or anything similar so I DO NOT want to upset or offend anyone but I just think this is ludicrous. I personally loved seeing pix of my mother glowing and pregnant with me. And babies ARE beautifully wonderfully perfectly chubby! 
I just don‚Äôt understand at all but I‚Äôm not gonna say this to her. Just wondering if this is typical?
Again I‚Äôm sorry if my thoughts on this upset you - that‚Äôs not my intention.",,Friend with ED won‚Äôt let people call her baby chubby,1,one,question,,,,t5_2qpcj,10owvjx,1,AlwaysNever808,,/r/EatingDisorders/comments/10owvjx/friend_with_ed_wont_let_people_call_her_baby/,https://www.reddit.com/r/EatingDisorders/comments/10owvjx/friend_with_ed_wont_let_people_call_her_baby/,1675067493,127,0,0,1,-1,1,Negative comments on baby's weight,harmful,['Upsetting and triggering for the girlfriend who is recovering from an eating disorder'],Negative comments on baby‚Äôs weight,harmful,['Upsetting and triggering for the girlfriend who is recovering from an eating disorder'],Negative comments on baby‚Äôs weight,harmful,['Upsetting and triggering for the girlfriend who is recovering from an eating disorder']
11,EatingDisorders,"I‚Äôve been battling an ED for about five years.. I‚Äôm constantly trying to convince myself I don‚Äôt need to eat, then I do. I don‚Äôt think I‚Äôve gone a single day within those past five years without weighing myself either. I think about every calorie, except for the occasional binge, and am still dissatisfied with the 0 progress I‚Äôve made. And I just want it all to stop.. but at the same time I can‚Äôt really help it or want it to be helped. I want to achieve my goals.. and it‚Äôs almost like I don‚Äôt really see any other way around it. I don‚Äôt know. But that‚Äôs my mindset to the best of my explaining ability, and I bet everyone‚Äôs got a really similar one.",,I‚Äôve never even attempted recovery.. and I can‚Äôt really convince myself to want it,1,,seeking support,,,,t5_2qpcj,10os8jl,1,SolidNeighborhood626,,/r/EatingDisorders/comments/10os8jl/ive_never_even_attempted_recovery_and_i_cant/,https://www.reddit.com/r/EatingDisorders/comments/10os8jl/ive_never_even_attempted_recovery_and_i_cant/,1675051610,126,0,0,0,-1,1,Constantly convincing oneself not to eat and obsessively weighing oneself,harmful,"['Writer has been battling an ED for five years', 'Obsessive focus on calories and lack of progress is causing dissatisfaction', 'Writer expresses conflicting desires to stop but also achieve goals']",Obsessively weighing oneself and constantly thinking about calories,harmful,"['Writer has been battling an eating disorder for five years and is dissatisfied with their progress', 'Feeling conflicted about wanting to achieve goals but also not wanting to stop their disordered eating behaviors']","Constantly trying to convince oneself not to eat, weighing oneself every day, obsessing over calories, desire to achieve goals through disordered eating",harmful,"['Battling an eating disorder for five years', 'Feeling dissatisfied with lack of progress despite constant obsession with food and weight', 'Feeling conflicted about wanting to stop but also wanting to achieve goals through disordered eating']"
12,EatingDisorders,"This is a long rant/vent. I need somewhere to get this out. Obviously title says it, but it's not that easy. Now more than ever it's clear to me I need to recover. Not only for my future health, but for my mental health and my family as well. I have recently had my world shook up, the cracks in the snow globe are forming again you could say. I need to step up, learn how to take care of myself just a little bit so my mom doesn't worry so much. I want to be there for her as someone to help her through things while also helping myself. I don't want my pain and sorrow to guide me any more and I know the only way I can do this is through my own effort. I don't know what to do or how to deal with these feelings as I've previously been unable the control and acknowledge these sort of emotions. I want to be able to live without having my hand being held like it is now. I don't want my ADHD and autism to stop me from trying. I want to go back to school and learn, but I just can't handle a traditional classroom or school setting. I am diagnosed with both things I mentioned however the system here has completely failed to see that I need help with schooling. I don't know where to start or how. I have nobody to guide me any more and I'm only 16, I'm scared. I don't need advice because I've been to plenty of therapists, I just wanted somewhere to vaguely state my emotions. Sorry once again for the long rant.",,I want to recover.,1,,seeking support,,,,t5_2qpcj,10oorj8,1,LemonyRat,,/r/EatingDisorders/comments/10oorj8/i_want_to_recover/,https://www.reddit.com/r/EatingDisorders/comments/10oorj8/i_want_to_recover/,1675041681,284,0,0,0,-1,1,"Desire to recover for future health, mental health, and family",neutral,"['Acknowledging the need for self-care and taking responsibility for own well-being', 'Feeling scared and uncertain about how to move forward with recovery and education']","Desire to recover for future health, mental health, and family",neutral,"['Acknowledging the need to take care of themselves', 'Wanting to be there for their mother and help her through things', 'Feeling scared and unsure about how to start recovery and navigate schooling with ADHD and autism']","Desire to recover for future health, mental health, and family",neutral,"['Feeling overwhelmed and scared about navigating school and life with ADHD and autism', 'Lack of support and guidance from school system', 'Previous therapy has not provided enough support']"
13,EatingDisorders,"Today my sister and I got into an argument of sorts. She said she was having a bad day. When I asked her why, she told me to just be grateful I ‚Äúdon‚Äôt have any problems‚Äù. 

I knew she was referring to her eating problems. She told me before how she gets annoyed when her friends complain about their problems because at least they ‚Äúdon‚Äôt go hungry every day‚Äù. She says that everyone else‚Äôs issues are ‚Äúexternal‚Äù and fixable (e.g. having an exam to sit: the problem is over once the exam finishes) whereas her ED is ‚Äúinternal‚Äù - it‚Äôs part of her that she can never change, that affects her constantly.

I was initially annoyed that she assumed I didn‚Äôt have problems. I do. I just choose not to share them with anyone. I struggle with gender dysphoria, which I would consider to be ‚Äúinternal‚Äù, like hers. But I didn‚Äôt feel like coming out to her just to prove a point.

Anyways, I ask her the question ‚ÄúSo, if you were born on a desert island with no people to interact with, no society, but all the resources you would need to survive, would you have these eating problems?‚Äù

I wanted to prove a point to her. The point being: your problems aren‚Äôt actually internal - they are a consequence of society. I posed this question partly to prove my sister wrong and partly because I care about her and want her to think critically about why she has her ED.

She mumbled a response, her eyes not meeting mine. ‚ÄúSorry?‚Äù I said. I looked over at her and realised that her voice was choked with tears as she said ‚ÄúNo‚Äù.

We were on a walk to the shops together and she cried quietly the way there. I felt like I had struck something important inside of her, some sort of realisation. But I also felt terribly guilty for upsetting her. I apologised when we reached the shops and she said ‚ÄúIt‚Äôs not your fault.‚Äù

I want to encourage my sister to talk to me about how she feels about food, and she likes to occasionally. I‚Äôve always felt like talking it through rationally might help. Today was a mess though. I was on edge the rest of the day, not wanting to make her cry again.

I want to help her. It feels like the only way I can is to reach her through words. But I don‚Äôt have an ED myself, and I fear I‚Äôm doing it all wrong. I don‚Äôt like to upset her and I want her to trust me. What‚Äôs the best thing I can do for her? She‚Äôs 16.",,How to help my sister?,1,,seeking support,,,,t5_2qpcj,10ontc2,1,tuesdaymoonnmh,,/r/EatingDisorders/comments/10ontc2/how_to_help_my_sister/,https://www.reddit.com/r/EatingDisorders/comments/10ontc2/how_to_help_my_sister/,1675039160,446,0,0,0,-1,1,"Sister struggling with an eating disorder, family conflict surrounding the disorder",neutral,"['The sister feels like her eating disorder is an internal problem she cannot change', 'The brother tries to reason with her and show her that her disorder is a consequence of society, but this upsets her', 'The brother wants to help but fears doing it wrong and upsetting his sister']",Sister has an eating disorder and feels like her problems are internal and cannot be changed,unknown,"['The sister feels upset and cries after being asked if she would have her eating disorder if she were on a desert island with no societal pressures', 'The writer wants to help their sister but is unsure how to approach the situation without upsetting her further']",Sister struggling with an eating disorder and feeling like her problems are internal,neutral,"['The writer tries to encourage her sister to think critically about her eating disorder and its roots in society', 'The writer unintentionally upsets her sister by asking a question that makes her realize her eating disorder is not just internal', 'The writer feels guilty and wants to help but is unsure how to approach the situation']"
14,EatingDisorders,So I've gotten into a huge restrict - binge cycle and I've been purging recently. Today I ended up eating cake since I assisted to 2 birthdays. I feel extremely guilty about it and I try to stick to the thought that everything will be fine and that my body will stay the same since it doesn't really matter that much but I just can't help it but feel guilty and my ED voice keeps telling me bad things. I don't really know how to distract myself from the bad thoughts and I have nothing to do right now. What can I do??,,How do I distract myself from the guilt?,1,,seeking support,,,,t5_2qpcj,10oilxl,1,KatSlash_,,/r/EatingDisorders/comments/10oilxl/how_do_i_distract_myself_from_the_guilt/,https://www.reddit.com/r/EatingDisorders/comments/10oilxl/how_do_i_distract_myself_from_the_guilt/,1675026349,103,0,0,0,-1,1,Restrictive eating and binge-purge cycle,harmful,['Feeling extremely guilty after eating cake at birthday parties and struggling with negative thoughts from their eating disorder voice'],"Restricting, bingeing, and purging",harmful,"['Feeling guilty after eating cake at two birthdays and struggling to cope with negative thoughts from their eating disorder', 'Asking for advice on how to distract themselves from the negative thoughts']","Restricting, bingeing, and purging",harmful,"['Eating cake at two birthdays triggers feelings of guilt and negative self-talk related to the eating disorder', 'Struggling to distract from negative thoughts']"
15,EatingDisorders,"Okay so after a long time of just eating whatever I want I decided to restrict again. So today I decided to fast until dinner time. I was really hungry but I distracted myself by watching a show and sleeping. Then I ate some spicy chicken and rice around 9 pm. Everything was fine until I actually shat myself üíÄüíÄüíÄüíÄ

I ran to the toilet and cleaned myself up and decided to take a shower cos I was so disgusted by myself. Then my stomach started ACHINGGGG. I have been shitting non stop since then fuck. 

I don't care tho, gonna keep eating only dinner for 2 weeks atleast then I'll fast for 2 days at a time or something. Starting off slow cos I know I might binge if I completely restrict myself too quickly",,shitting like crazy üíÄ,1,,,,,,t5_2qpcj,10of3ny,1,feed-me-sushi,,/r/EatingDisorders/comments/10of3ny/shitting_like_crazy/,https://www.reddit.com/r/EatingDisorders/comments/10of3ny/shitting_like_crazy/,1675018057,136,0,0,0,-1,1,Restricting food intake and fasting,harmful,"['Experiencing physical symptoms related to restricted eating, including diarrhea and stomach pain']",Restricting food intake,harmful,"['Experiencing physical discomfort and gastrointestinal distress after eating', 'Starting off slow with food restriction to avoid bingeing']",Restricting food intake and fasting,harmful,"['Experiencing physical symptoms such as stomach aches and diarrhea', 'Feeling disgusted with oneself after experiencing an accident with bowel movements', 'Planning to continue restricting and fasting despite negative physical and emotional consequences']"
16,EatingDisorders,As a young male teenager I think I had a ED but I‚Äôm not entirely sure. I used to skip lunch frequently at school so I would have breakfast at 7am and then not eat anything till like 5pm. I did this on and off for about 8 years. I‚Äôm not sure why I did it but it would get to the point where I would feel faint annoyed and exhausted pretty much everyday. I‚Äôm not sure if it was an ED as it doesn‚Äôt match any of the descriptions. I also did this unconsciously and didn‚Äôt see anything wrong with it at the time but now when I look back I think why? I‚Äôm sure I have ruined my body due to 8 years of harm. I have gotten better though nowadays I don‚Äôt skip lunch but I just have fruit and like a yoghurt drink which is a massive improvement and I do this every working day.,,Previous ED or ED behaviours,1,,,,,,t5_2qpcj,10oczrv,1,ObsessedWithMagic,,/r/EatingDisorders/comments/10oczrv/previous_ed_or_ed_behaviours/,https://www.reddit.com/r/EatingDisorders/comments/10oczrv/previous_ed_or_ed_behaviours/,1675013005,159,0,0,0,-1,1,Skipping lunch frequently for 8 years,harmful,"['Feeling faint, annoyed, and exhausted everyday', 'Unconscious behavior and not seeing anything wrong with it at the time']",Skipping lunch frequently for 8 years,unknown,"['Feeling faint, annoyed, and exhausted everyday', 'Unsure if it was an eating disorder, but acknowledges the harm it may have caused to the body']","Skipping lunch frequently for 8 years, unconscious behavior",unknown,"['Feeling faint, annoyed, and exhausted on a daily basis', 'Unclear whether this behavior matches criteria for an eating disorder']"
17,EatingDisorders,"I‚Äôm recovering from BED and haven‚Äôt binged in probably six months. I‚Äôm proud of the progress I have made, but I‚Äôm still going through some mental anguish. This is mainly in regards to socially eating. So I have a group of friends that are foodies and basically want to go out to eat a lot. I love hanging out with them, but every time I hang out with them, the event revolves around food or going to a restaurant. Every time I go and eat with them, I feel immense guilt and self-hatred afterwards. Even if the food is super good, I still hate myself afterwards. My closest friend in that group has reassured me that it will be okay if I have a day where I eat good food. She has even said that life is too short for bad food. I want to feel empowered by that, but I just can‚Äôt. When I eat food at a restaurant, I can‚Äôt shake the feeling that I‚Äôm wrong and disgusting. I feel like I‚Äôm going to go back to my old ways and I‚Äôm just super negative in my head after I go out to eat with them. Also I feel like if I go and say no to food, people are going to ask me why and I just don‚Äôt feel like telling them a whole story. I love hanging out with them, but I don‚Äôt know what to do to resolve my bad emotions.",,How do I become comfortable with socially eating?,1,one,question,,,,t5_2qpcj,10ocf8i,1,throwawaytransssssss,,/r/EatingDisorders/comments/10ocf8i/how_do_i_become_comfortable_with_socially_eating/,https://www.reddit.com/r/EatingDisorders/comments/10ocf8i/how_do_i_become_comfortable_with_socially_eating/,1675011638,246,0,0,1,-1,1,Social pressure to eat in group settings,harmful,"['Experiencing guilt and self-hatred after eating with foodie friends', 'Feeling like going back to old ways and being negative towards self', 'Concerns about being questioned if not eating', ""Struggling with feeling empowered by friend's reassurance""]",Social pressure to eat out frequently with foodie friends,harmful,"['Experiencing immense guilt and self-hatred after eating out with friends, even if the food is good', 'Feeling like going back to old ways and being negative in their head after eating out', 'Fear of judgement or questions from friends if saying no to food']",Social pressure to eat in group of foodie friends,harmful,"['Experiencing immense guilt and self-hatred after eating with friends, even if the food is good', 'Feeling negative and fearful of relapse after going out to eat with friends']"
18,EatingDisorders,"
Hi, I‚Äôm in my early 30s and I struggle with anorexia. I am underweight (borderline) and I am worried about fainting or having an episode that I end up in the hospital for. My husband has been begging me to get labs done but I am not ready for recovery again. Last time I felt like a cow being funneled oatmeal and it makes me nauseous and anxious just thinking about again. My question is, if something ever were to happen where I were to end up at a hospital, could they force me to recover? Admit me and force me to stabilize or tube me? Or is that just a thing for minors. Or do they just say ‚Äúyep you‚Äôre sick, follow up on the outside goodbye‚Äù or do they keep you? Thanks",,Do adults have to be forced?,1,,,,,,t5_2qpcj,10ob1y4,1,Sea_Cockroach7529,,/r/EatingDisorders/comments/10ob1y4/do_adults_have_to_be_forced/,https://www.reddit.com/r/EatingDisorders/comments/10ob1y4/do_adults_have_to_be_forced/,1675008166,134,0,0,0,-1,1,Struggling with anorexia and refusing medical help,unknown,"The person is worried about the possibility of being hospitalized, but is not ready for recovery. They are also feeling anxious and nauseous about the idea of being forced to recover. They are asking if hospitals can force them to recover or if they will just be sent home.",Refusal to get labs done and fear of recovery,unknown,"['Writer is worried about fainting or having an episode that could lead to hospitalization', 'Husband is concerned and urging the writer to get help']",Resisting getting labs done and treatment due to fear of recovery,unknown,Concerned about whether they can be forced into recovery if they end up in the hospital
